subjid,xd,xv,cond,val,aro,resp,fair,trial
1512101,1,11,1,1,9,4,5,1
1512101,1,11,1,1,9,4,5,2
1512101,1,11,2,1,9,4,5,3
1512101,6,6,2,8,3,1,9,4
1512101,0,12,2,1,9,4,5,5
1512101,5,7,1,6,5,1,9,6
1512101,2,10,2,1,9,4,5,7
1512101,6,6,1,6,4,1,9,8
1512101,5,7,2,6,5,4,5,9
1512101,5,7,1,7,4,1,9,10
1512101,6,6,1,7,4,1,9,11
1512101,1,11,2,1,9,4,5,12
1512101,6,6,2,1,3,1,9,13
1512101,6,6,2,7,4,1,9,14
1512101,0,12,1,1,9,4,5,15
1512101,2,10,1,1,9,4,5,16
1512101,0,12,2,1,9,4,5,17
1512101,5,7,2,7,4,1,9,18
1512101,5,7,1,7,4,1,9,19
1512101,0,12,2,1,9,4,5,20
1512101,2,10,2,1,9,4,5,21
1512101,6,6,1,7,4,1,9,22
1512101,6,6,1,7,4,4,9,23
1512101,0,12,1,1,9,4,5,24
1512101,5,7,2,7,4,1,9,25
1512101,1,11,1,1,9,4,5,26
1512101,0,12,1,1,9,4,5,27
1512101,0,12,2,1,9,4,5,28
1512101,5,7,1,7,4,1,9,29
1512101,6,6,2,6,3,1,9,30
1512101,5,7,2,6,3,1,9,31
1512101,2,10,1,1,9,4,5,32
1512101,5,7,1,7,4,1,9,33
1512101,6,6,1,6,3,1,9,34
1512101,2,10,2,1,9,4,5,35
1512101,2,10,1,1,9,4,5,36
1512101,6,6,2,7,4,1,9,37
1512101,1,11,2,1,9,4,5,38
1512101,5,7,2,7,4,1,9,39
1512101,0,12,1,1,9,3,5,40
1512101,6,6,1,7,4,1,9,41
1512101,5,7,2,7,4,1,9,42
1512101,5,7,1,7,4,1,9,43
1512101,6,6,2,6,3,1,9,44
1512101,2,10,2,1,9,4,5,45
1512101,1,11,1,1,9,4,5,46
1512101,1,11,1,1,9,4,5,47
1512101,5,7,2,7,4,1,9,48
1512101,5,7,1,7,4,1,9,49
1512101,1,11,2,1,9,4,5,50
1512101,0,12,2,1,9,4,5,51
1512101,0,12,1,1,9,4,5,52
1512101,2,10,1,1,9,4,5,53
1512101,2,10,2,1,9,4,5,54
1512101,0,12,1,1,9,4,5,55
1512101,0,12,1,1,9,4,5,56
1512101,0,12,2,1,9,4,5,57
1512101,6,6,2,7,4,1,9,58
1512101,5,7,2,6,3,1,9,59
1512101,0,12,2,1,9,4,5,60
1512101,2,10,1,1,9,4,5,61
1512101,5,7,2,7,4,1,9,62
1512101,6,6,2,7,4,1,9,63
1512101,2,10,1,1,9,4,5,64
1512101,5,7,2,7,4,1,9,65
1512101,1,11,2,1,9,4,5,66
1512101,6,6,1,7,4,1,9,67
1512101,1,11,2,1,9,4,5,68
1512101,6,6,1,7,3,1,9,69
1512101,0,12,2,1,9,4,5,70
1512101,5,7,1,7,4,1,9,71
1512101,6,6,2,6,3,1,9,72
1512101,6,6,1,7,3,1,9,73
1512101,1,11,1,1,9,4,5,74
1512101,0,12,1,1,9,4,5,75
1512101,2,10,2,1,9,4,5,76
1512101,6,6,2,7,4,1,9,77
1512101,6,6,1,7,4,1,9,78
1512101,5,7,1,7,4,1,9,79
1512101,5,7,1,7,4,1,9,80
1512105,1,11,1,4,6,8,4,1
1512105,1,11,1,4,6,8,2,2
1512105,2,10,2,2,8,8,3,3
1512105,5,7,2,3,7,5,7,4
1512105,1,11,2,5,5,8,4,5
1512105,6,6,1,8,2,8,8,6
1512105,0,12,2,3,9,9,2,7
1512105,5,7,1,7,3,2,8,8
1512105,6,6,2,7,3,2,8,9
1512105,5,7,1,7,3,3,8,10
1512105,6,6,1,7,4,2,8,11
1512105,2,10,2,3,8,8,2,12
1512105,5,7,2,6,5,8,2,13
1512105,6,6,2,9,1,2,8,14
1512105,0,12,1,2,8,1,4,15
1512105,2,10,1,4,7,9,2,16
1512105,0,12,2,4,7,9,2,17
1512105,5,7,2,3,5,3,7,18
1512105,6,6,1,5,5,2,8,19
1512105,0,12,2,2,3,9,1,20
1512105,1,11,2,5,5,8,2,21
1512105,5,7,1,7,3,3,7,22
1512105,6,6,1,9,1,1,8,23
1512105,0,12,1,2,7,9,2,24
1512105,5,7,2,7,4,3,8,25
1512105,0,12,1,9,8,9,2,26
1512105,2,10,1,3,8,8,3,27
1512105,1,11,2,1,8,8,2,28
1512105,6,6,1,9,1,2,9,29
1512105,6,6,2,6,4,2,9,30
1512105,5,7,2,7,4,8,2,31
1512105,2,10,1,4,8,8,2,32
1512105,5,7,1,7,4,3,7,33
1512105,5,7,1,7,4,3,9,34
1512105,0,12,2,2,8,9,2,35
1512105,1,11,1,3,8,8,2,36
1512105,6,6,2,7,4,1,9,37
1512105,2,10,2,4,8,9,2,38
1512105,6,6,2,7,4,1,9,39
1512105,0,12,1,4,8,9,2,40
1512105,5,7,1,7,4,2,8,41
1512105,6,6,2,7,5,1,9,42
1512105,6,6,1,5,5,1,9,43
1512105,5,7,2,5,4,2,8,44
1512105,1,11,2,3,8,9,2,45
1512105,1,11,1,4,8,9,3,46
1512105,1,11,1,1,8,9,2,47
1512105,6,6,2,5,5,1,9,48
1512105,5,7,1,7,4,2,8,49
1512105,0,12,2,2,8,9,1,50
1512105,2,10,2,2,9,9,2,51
1512105,0,12,1,3,8,9,2,52
1512105,2,10,1,4,8,9,2,53
1512105,1,11,2,2,8,9,3,54
1512105,0,12,1,2,9,9,1,55
1512105,1,11,1,2,9,9,2,56
1512105,0,12,2,2,8,9,2,57
1512105,6,6,2,7,4,1,9,58
1512105,5,7,2,7,5,2,8,59
1512105,0,12,2,2,9,9,2,60
1512105,0,12,1,2,9,9,2,61
1512105,5,7,2,7,5,1,9,62
1512105,6,6,2,7,5,1,9,63
1512105,2,10,1,2,8,8,3,64
1512105,5,7,2,8,5,2,8,65
1512105,2,10,2,2,8,9,3,66
1512105,6,6,1,7,5,2,9,67
1512105,0,12,2,2,9,9,1,68
1512105,5,7,1,7,5,2,8,69
1512105,2,10,2,2,9,8,3,70
1512105,6,6,1,7,5,2,9,71
1512105,6,6,2,2,9,1,9,72
1512105,6,6,1,9,1,1,9,73
1512105,2,10,1,2,9,8,3,74
1512105,0,12,1,2,9,9,2,75
1512105,1,11,2,2,9,8,2,76
1512105,5,7,2,7,5,2,8,77
1512105,5,7,1,7,5,2,8,78
1512105,5,7,1,7,5,2,8,79
1512105,6,6,1,6,4,1,9,80
1512106,2,10,2,2,8,3,2,1
1512106,1,11,1,3,6,3,2,2
1512106,1,11,2,3,5,3,2,3
1512106,0,12,2,3,5,8,1,4
1512106,1,11,1,3,6,8,1,5
1512106,6,6,1,8,1,1,9,6
1512106,5,7,2,4,5,5,4,7
1512106,6,6,2,9,1,1,9,8
1512106,2,10,2,3,6,7,2,9
1512106,5,7,2,4,6,4,4,10
1512106,6,6,2,9,1,1,9,11
1512106,0,12,1,1,9,9,1,12
1512106,5,7,1,4,5,4,4,13
1512106,2,10,1,3,6,6,2,14
1512106,5,7,1,4,6,5,4,15
1512106,5,7,2,4,6,5,4,16
1512106,0,12,1,1,9,9,1,17
1512106,0,12,2,1,9,9,1,18
1512106,0,12,1,1,9,9,1,19
1512106,5,7,2,4,6,5,4,20
1512106,6,6,2,9,1,1,9,21
1512106,0,12,2,1,9,9,1,22
1512106,1,11,2,1,9,9,1,23
1512106,1,11,2,1,9,9,1,24
1512106,5,7,2,4,6,5,4,25
1512106,6,6,2,9,1,1,9,26
1512106,6,6,1,9,1,1,9,27
1512106,2,10,1,2,8,6,2,28
1512106,6,6,2,9,1,1,9,29
1512106,6,6,1,9,1,1,9,30
1512106,5,7,1,9,6,4,4,31
1512106,0,12,2,1,9,1,1,32
1512106,6,6,1,9,1,1,9,33
1512106,2,10,1,2,8,9,2,34
1512106,6,6,1,9,1,1,9,35
1512106,1,11,1,2,8,9,1,36
1512106,0,12,1,1,9,9,1,37
1512106,2,10,2,1,9,9,2,38
1512106,5,7,1,5,5,5,4,39
1512106,5,7,1,5,5,5,4,40
1512106,5,7,1,5,5,5,4,41
1512106,1,11,1,1,9,9,1,42
1512106,6,6,2,9,1,1,9,43
1512106,1,11,2,1,9,9,1,44
1512106,0,12,2,1,9,9,1,45
1512106,1,11,1,1,9,9,1,46
1512106,2,10,2,1,9,9,2,47
1512106,0,12,1,1,9,9,1,48
1512106,6,6,1,9,1,1,9,49
1512106,1,11,2,1,9,9,1,50
1512106,5,7,1,4,6,4,4,51
1512106,0,12,2,1,9,9,1,52
1512106,5,7,2,1,6,4,4,53
1512106,6,6,2,9,1,1,9,54
1512106,2,10,1,1,8,9,1,55
1512106,0,12,1,1,9,9,1,56
1512106,1,11,1,1,9,9,1,57
1512106,6,6,1,9,1,1,9,58
1512106,0,12,2,1,9,9,1,59
1512106,0,12,1,1,9,9,1,60
1512106,6,6,2,9,1,1,9,61
1512106,5,7,1,4,6,4,4,62
1512106,2,10,2,1,9,9,2,63
1512106,5,7,2,4,6,4,4,64
1512106,6,6,1,9,1,1,9,65
1512106,6,6,1,9,1,1,9,66
1512106,0,12,2,1,9,9,1,67
1512106,5,7,2,4,6,4,4,68
1512106,2,10,1,1,9,9,2,69
1512106,2,10,2,1,9,9,2,70
1512106,6,6,2,9,1,1,9,71
1512106,5,7,1,4,6,4,4,72
1512106,5,7,1,4,6,4,4,73
1512106,5,7,2,4,6,4,4,74
1512106,6,6,2,9,1,1,9,75
1512106,2,10,1,1,9,9,2,76
1512106,5,7,2,4,6,4,4,77
1512106,0,12,1,1,9,9,1,78
1512106,1,11,2,1,9,9,1,79
1512106,6,6,1,9,1,1,9,80
1512107,6,6,2,5,1,1,9,1
1512107,1,11,2,2,6,9,1,2
1512107,5,7,2,5,5,1,7,3
1512107,5,7,1,4,5,1,7,4
1512107,0,12,2,1,7,1,1,5
1512107,6,6,2,7,1,1,9,6
1512107,1,11,1,4,5,1,1,7
1512107,6,6,1,8,2,1,9,8
1512107,2,10,2,2,6,9,2,9
1512107,1,11,1,3,6,8,2,10
1512107,1,11,2,3,7,8,2,11
1512107,0,12,1,1,8,9,1,12
1512107,0,12,2,1,8,9,1,13
1512107,2,10,1,3,5,9,1,14
1512107,0,12,2,1,8,9,1,15
1512107,6,6,2,9,1,1,9,16
1512107,5,7,1,5,1,2,7,17
1512107,5,7,2,5,1,2,7,18
1512107,6,6,1,9,1,1,9,19
1512107,0,12,1,1,9,9,1,20
1512107,5,7,1,5,4,2,7,21
1512107,1,11,1,3,7,9,1,22
1512107,5,7,2,6,2,1,7,23
1512107,0,12,1,1,8,9,1,24
1512107,2,10,2,2,8,7,1,25
1512107,6,6,2,9,1,1,9,26
1512107,0,12,2,1,8,9,1,27
1512107,2,10,2,2,8,7,2,28
1512107,6,6,1,9,1,1,9,29
1512107,1,11,2,3,8,9,2,30
1512107,5,7,2,6,4,1,7,31
1512107,6,6,2,9,1,1,9,32
1512107,2,10,1,2,7,9,1,33
1512107,5,7,2,6,1,1,7,34
1512107,2,10,1,2,7,8,1,35
1512107,6,6,1,9,1,1,9,36
1512107,0,12,1,2,7,9,1,37
1512107,5,7,1,5,4,1,7,38
1512107,5,7,1,5,4,1,7,39
1512107,6,6,1,9,1,1,9,40
1512107,6,6,1,9,1,1,9,41
1512107,2,10,2,2,7,7,1,42
1512107,1,11,1,2,7,8,1,43
1512107,5,7,1,5,4,1,7,44
1512107,5,7,2,5,4,1,7,45
1512107,1,11,1,2,7,9,1,46
1512107,1,11,2,1,7,9,1,47
1512107,6,6,2,9,1,1,9,48
1512107,5,7,2,5,4,1,7,49
1512107,0,12,2,2,7,9,1,50
1512107,5,7,1,2,7,1,7,51
1512107,6,6,2,9,1,1,7,52
1512107,6,6,1,9,1,1,7,53
1512107,2,10,2,1,7,8,1,54
1512107,5,7,2,5,4,1,7,55
1512107,0,12,1,1,9,9,1,56
1512107,0,12,2,1,9,9,1,57
1512107,2,10,1,2,7,8,2,58
1512107,0,12,1,1,9,9,1,59
1512107,6,6,1,9,1,1,9,60
1512107,5,7,2,5,4,1,7,61
1512107,0,12,1,1,9,9,1,62
1512107,0,12,2,1,9,9,1,63
1512107,6,6,2,9,1,1,9,64
1512107,5,7,1,5,4,1,7,65
1512107,1,11,2,1,9,9,2,66
1512107,2,10,1,2,7,9,2,67
1512107,6,6,1,9,1,1,9,68
1512107,1,11,2,1,9,9,1,69
1512107,6,6,1,9,1,1,9,70
1512107,2,10,1,9,9,8,2,71
1512107,0,12,2,1,9,9,1,72
1512107,2,10,2,2,7,8,1,73
1512107,5,7,1,5,4,1,8,74
1512107,5,7,2,5,4,1,8,75
1512107,6,6,2,9,1,1,9,76
1512107,1,11,1,2,7,8,1,77
1512107,6,6,2,9,1,1,9,78
1512107,5,7,1,5,4,1,9,79
1512107,0,12,1,1,9,1,9,80
1512108,1,11,2,1,9,7,2,1
1512108,6,6,2,9,2,1,9,2
1512108,5,7,2,7,5,6,6,3
1512108,1,11,1,2,5,3,3,4
1512108,6,6,2,8,4,1,9,5
1512108,5,7,1,7,1,2,5,6
1512108,0,12,2,3,5,8,1,7
1512108,6,6,1,9,6,1,9,8
1512108,2,10,2,4,7,5,4,9
1512108,1,11,2,2,7,7,3,10
1512108,0,12,2,1,7,7,2,11
1512108,5,7,1,6,3,6,5,12
1512108,1,11,1,3,4,6,3,13
1512108,6,6,1,7,4,1,9,14
1512108,0,12,2,3,5,8,1,15
1512108,5,7,1,4,6,7,6,16
1512108,2,10,2,3,7,6,3,17
1512108,0,12,1,2,7,7,1,18
1512108,2,10,1,3,7,6,1,19
1512108,6,6,1,7,3,1,9,20
1512108,0,12,1,2,7,7,1,21
1512108,6,6,2,7,2,1,9,22
1512108,5,7,2,5,4,4,7,23
1512108,1,11,1,3,4,4,1,24
1512108,5,7,2,4,4,6,7,25
1512108,6,6,2,6,4,1,9,26
1512108,6,6,1,6,5,1,9,27
1512108,0,12,1,3,4,7,1,28
1512108,5,7,2,4,5,7,5,29
1512108,5,7,1,4,5,6,6,30
1512108,2,10,1,3,5,6,3,31
1512108,0,12,2,4,5,6,3,32
1512108,2,10,1,4,5,7,2,33
1512108,2,10,2,5,5,7,1,34
1512108,0,12,1,5,5,7,1,35
1512108,1,11,2,3,6,7,1,36
1512108,5,7,1,6,4,6,5,37
1512108,6,6,2,4,6,1,9,38
1512108,6,6,1,7,3,1,9,39
1512108,5,7,2,4,5,6,5,40
1512108,5,7,2,4,3,6,5,41
1512108,6,6,1,5,2,1,9,42
1512108,2,10,2,3,1,7,1,43
1512108,1,11,1,3,2,7,1,44
1512108,1,11,2,4,3,7,2,45
1512108,5,7,1,5,3,7,2,46
1512108,5,7,1,5,3,4,6,47
1512108,1,11,1,3,3,7,2,48
1512108,0,12,1,3,3,7,4,49
1512108,6,6,1,3,5,1,9,50
1512108,0,12,2,3,6,7,1,51
1512108,2,10,2,3,6,7,3,52
1512108,0,12,2,2,6,8,1,53
1512108,6,6,2,5,5,1,9,54
1512108,2,10,1,3,3,7,3,55
1512108,5,7,2,5,3,6,5,56
1512108,6,6,1,6,3,1,9,57
1512108,0,12,1,3,3,6,1,58
1512108,0,12,1,3,3,7,1,59
1512108,0,12,2,4,4,8,2,60
1512108,6,6,2,4,6,1,9,61
1512108,1,11,2,2,6,7,1,62
1512108,5,7,1,5,2,6,5,63
1512108,6,6,1,5,1,1,9,64
1512108,5,7,2,5,1,5,5,65
1512108,2,10,1,3,2,6,3,66
1512108,6,6,1,5,1,1,9,67
1512108,1,11,2,3,2,7,1,68
1512108,5,7,2,3,3,6,5,69
1512108,5,7,1,5,1,6,5,70
1512108,2,10,1,3,3,7,3,71
1512108,6,6,2,5,2,1,9,72
1512108,1,11,1,3,3,6,3,73
1512108,0,12,1,3,3,7,2,74
1512108,5,7,2,3,3,6,3,75
1512108,6,6,2,4,5,1,9,76
1512108,0,12,2,3,4,7,1,77
1512108,2,10,2,2,6,8,1,78
1512108,5,7,1,6,4,5,6,79
1512108,6,6,2,5,4,1,9,80
1512110,1,11,2,2,7,8,2,1
1512110,1,11,1,3,7,7,4,2
1512110,0,12,2,1,9,9,1,3
1512110,2,10,2,3,6,7,3,4
1512110,1,11,1,2,8,7,2,5
1512110,5,7,1,4,5,3,5,6
1512110,6,6,2,9,2,1,9,7
1512110,5,7,2,6,4,1,8,8
1512110,1,11,2,2,7,7,4,9
1512110,6,6,2,9,1,1,9,10
1512110,6,6,2,9,2,1,9,11
1512110,0,12,1,1,8,7,3,12
1512110,6,6,1,9,1,1,9,13
1512110,2,10,1,2,8,6,4,14
1512110,5,7,1,5,5,1,8,15
1512110,5,7,2,5,6,2,7,16
1512110,0,12,1,1,9,1,8,17
1512110,0,12,2,1,9,1,1,18
1512110,1,11,1,2,8,7,3,19
1512110,5,7,2,5,4,4,7,20
1512110,6,6,2,9,2,1,9,21
1512110,0,12,2,1,9,9,1,22
1512110,2,10,2,1,8,8,2,23
1512110,0,12,2,1,8,9,1,24
1512110,5,7,2,5,4,7,4,25
1512110,6,6,2,9,1,1,9,26
1512110,6,6,1,9,1,1,9,27
1512110,0,12,1,1,9,8,1,28
1512110,5,7,2,5,6,4,7,29
1512110,5,7,1,5,5,3,8,30
1512110,6,6,1,9,1,1,9,31
1512110,2,10,2,2,7,6,2,32
1512110,6,6,1,9,1,1,9,33
1512110,2,10,1,2,8,5,3,34
1512110,5,7,1,6,4,1,8,35
1512110,2,10,1,2,8,5,7,36
1512110,0,12,1,1,9,9,1,37
1512110,1,11,2,1,8,9,1,38
1512110,5,7,1,6,4,2,8,39
1512110,6,6,1,9,1,1,9,40
1512110,6,6,1,9,1,1,9,41
1512110,1,11,1,2,8,6,2,42
1512110,5,7,2,4,5,2,8,43
1512110,2,10,2,1,7,9,2,44
1512110,1,11,2,1,9,9,3,45
1512110,1,11,1,2,8,8,3,46
1512110,0,12,2,1,9,9,1,47
1512110,0,12,1,1,9,9,1,48
1512110,5,7,1,6,4,7,8,49
1512110,2,10,2,1,8,7,2,50
1512110,5,7,1,6,4,3,7,51
1512110,0,12,2,1,9,9,1,52
1512110,6,6,2,9,2,1,9,53
1512110,5,7,2,6,3,2,8,54
1512110,2,10,1,2,8,8,2,55
1512110,0,12,1,1,9,9,1,56
1512110,0,12,1,1,9,9,1,57
1512110,6,6,1,9,1,1,9,58
1512110,0,12,2,1,9,9,1,59
1512110,2,10,1,2,8,8,2,60
1512110,6,6,2,9,3,1,9,61
1512110,6,6,1,9,1,1,9,62
1512110,1,11,2,1,8,8,2,63
1512110,5,7,2,6,5,2,8,64
1512110,5,7,1,6,4,1,9,65
1512110,6,6,1,9,1,1,9,66
1512110,1,11,2,2,8,9,1,67
1512110,5,7,2,6,5,2,8,68
1512110,2,10,1,2,8,8,2,69
1512110,0,12,2,1,9,9,1,70
1512110,6,6,2,9,1,1,9,71
1512110,6,6,1,9,1,1,9,72
1512110,5,7,1,6,4,2,8,73
1512110,5,7,2,7,4,1,9,74
1512110,6,6,2,9,1,1,9,75
1512110,1,11,1,2,8,8,2,76
1512110,6,6,2,9,1,1,9,77
1512110,0,12,1,1,9,9,1,78
1512110,2,10,2,2,7,8,2,79
1512110,5,7,1,6,4,2,8,80
1512111,5,7,2,4,6,1,2,1
1512111,2,10,2,2,8,2,4,2
1512111,6,6,2,4,5,1,9,3
1512111,6,6,1,4,5,1,9,4
1512111,1,11,2,3,8,6,3,5
1512111,5,7,2,4,6,1,6,6
1512111,1,11,1,3,7,7,2,7
1512111,5,7,1,4,6,2,5,8
1512111,0,12,2,2,9,7,1,9
1512111,1,11,1,3,8,6,2,10
1512111,2,10,2,3,7,6,3,11
1512111,0,12,1,2,8,8,1,12
1512111,0,12,2,3,8,8,1,13
1512111,2,10,1,3,8,7,2,14
1512111,0,12,2,3,7,9,1,15
1512111,6,6,2,5,5,6,6,16
1512111,5,7,1,4,6,3,6,17
1512111,5,7,2,4,6,3,7,18
1512111,6,6,1,5,5,1,9,19
1512111,0,12,1,3,8,8,3,20
1512111,6,6,1,7,5,1,9,21
1512111,0,12,1,3,8,8,2,22
1512111,5,7,2,3,7,7,6,23
1512111,2,10,1,2,8,7,2,24
1512111,1,11,2,3,8,8,2,25
1512111,6,6,2,5,5,1,9,26
1512111,1,11,2,3,8,8,2,27
1512111,0,12,2,1,9,9,1,28
1512111,5,7,1,5,5,7,7,29
1512111,2,10,2,3,8,8,2,30
1512111,5,7,2,3,8,5,6,31
1512111,6,6,2,5,3,1,9,32
1512111,2,10,1,3,8,8,2,33
1512111,6,6,2,6,5,6,9,34
1512111,1,11,1,2,8,8,2,35
1512111,6,6,1,6,5,1,9,36
1512111,0,12,1,2,9,9,1,37
1512111,6,6,1,5,5,8,6,38
1512111,5,7,1,4,6,5,6,39
1512111,5,7,1,5,5,5,6,40
1512111,5,7,1,5,4,5,6,41
1512111,1,11,2,3,9,8,2,42
1512111,1,11,1,2,8,8,2,43
1512111,6,6,1,6,5,1,9,44
1512111,6,6,2,6,5,1,9,45
1512111,1,11,1,2,8,7,2,46
1512111,0,12,2,2,9,9,1,47
1512111,5,7,2,5,5,5,6,48
1512111,6,6,2,6,3,1,9,49
1512111,2,10,2,4,8,7,3,50
1512111,5,7,1,4,5,5,6,51
1512111,6,6,2,6,4,1,9,52
1512111,6,6,1,6,2,1,9,53
1512111,1,11,2,3,8,8,2,54
1512111,5,7,2,4,5,5,6,55
1512111,0,12,1,1,9,9,1,56
1512111,0,12,2,2,9,9,1,57
1512111,2,10,1,3,9,8,2,58
1512111,0,12,1,1,9,9,1,59
1512111,5,7,1,2,6,5,6,60
1512111,5,7,2,5,6,5,6,61
1512111,1,11,1,3,8,8,2,62
1512111,0,12,2,3,9,9,1,63
1512111,6,6,2,6,5,1,9,64
1512111,6,6,1,6,5,1,9,65
1512111,2,10,2,2,8,8,2,66
1512111,0,12,1,1,9,9,1,67
1512111,6,6,1,6,5,1,9,68
1512111,0,12,2,2,9,9,1,69
1512111,5,7,1,5,5,5,6,70
1512111,2,10,1,3,7,8,2,71
1512111,2,10,2,4,7,8,2,72
1512111,1,11,2,2,8,8,2,73
1512111,5,7,1,4,5,5,6,74
1512111,5,7,2,5,4,5,6,75
1512111,6,6,2,6,4,9,9,76
1512111,2,10,1,3,8,8,2,77
1512111,5,7,2,4,5,5,6,78
1512111,6,6,1,5,4,1,9,79
1512111,0,12,1,1,9,9,1,80
1512113,1,11,1,3,7,8,1,1
1512113,1,11,1,3,7,8,2,2
1512113,2,10,2,3,7,8,2,3
1512113,5,7,2,8,1,2,8,4
1512113,1,11,2,3,7,8,2,5
1512113,6,6,1,9,1,1,9,6
1512113,0,12,2,1,9,9,1,7
1512113,5,7,1,8,1,2,8,8
1512113,6,6,2,9,1,1,9,9
1512113,5,7,1,8,1,2,8,10
1512113,6,6,1,9,1,1,9,11
1512113,2,10,2,3,7,8,2,12
1512113,5,7,2,8,1,2,8,13
1512113,6,6,2,9,1,1,9,14
1512113,0,12,1,1,9,9,1,15
1512113,2,10,1,3,7,8,2,16
1512113,0,12,2,1,9,9,1,17
1512113,5,7,2,8,1,2,8,18
1512113,6,6,1,9,1,1,9,19
1512113,0,12,2,1,9,9,1,20
1512113,1,11,2,3,7,8,2,21
1512113,5,7,1,8,1,2,8,22
1512113,6,6,1,9,1,1,9,23
1512113,0,12,1,1,9,9,1,24
1512113,5,7,2,8,1,2,8,25
1512113,0,12,1,1,9,9,1,26
1512113,2,10,1,3,7,8,2,27
1512113,1,11,2,3,7,8,2,28
1512113,6,6,1,9,1,1,9,29
1512113,6,6,2,9,1,1,9,30
1512113,5,7,2,8,1,2,8,31
1512113,2,10,1,3,7,8,2,32
1512113,5,7,1,8,1,2,8,33
1512113,5,7,1,8,1,2,8,34
1512113,0,12,2,1,9,9,1,35
1512113,1,11,1,3,7,8,2,36
1512113,6,6,2,9,1,1,9,37
1512113,2,10,2,3,7,8,2,38
1512113,6,6,2,9,1,1,9,39
1512113,0,12,1,1,9,9,1,40
1512113,5,7,1,8,1,2,8,41
1512113,6,6,2,9,1,1,9,42
1512113,6,6,1,9,1,1,9,43
1512113,5,7,2,8,1,2,8,44
1512113,1,11,2,3,7,8,2,45
1512113,1,11,1,3,7,8,2,46
1512113,1,11,1,3,7,8,2,47
1512113,6,6,2,9,1,1,9,48
1512113,5,7,1,8,1,2,8,49
1512113,0,12,2,1,9,9,1,50
1512113,2,10,2,3,7,8,2,51
1512113,0,12,1,1,9,9,1,52
1512113,2,10,1,2,7,8,2,53
1512113,1,11,2,2,8,8,2,54
1512113,0,12,1,1,9,9,1,55
1512113,1,11,1,2,8,8,2,56
1512113,0,12,2,1,9,9,1,57
1512113,6,6,2,9,1,1,9,58
1512113,5,7,2,8,1,2,8,59
1512113,0,12,2,1,9,9,1,60
1512113,0,12,1,1,9,9,1,61
1512113,5,7,2,8,1,2,8,62
1512113,6,6,2,9,1,1,9,63
1512113,2,10,1,3,7,8,2,64
1512113,5,7,2,8,1,2,8,65
1512113,2,10,2,3,7,8,2,66
1512113,6,6,1,9,1,1,9,67
1512113,0,12,2,1,9,9,1,68
1512113,5,7,1,8,1,8,8,69
1512113,2,10,2,2,7,8,2,70
1512113,6,6,1,9,1,1,9,71
1512113,6,6,2,9,1,1,9,72
1512113,6,6,1,9,1,1,9,73
1512113,2,10,1,9,8,8,2,74
1512113,0,12,1,1,9,9,1,75
1512113,1,11,2,2,8,8,2,76
1512113,5,7,2,8,1,2,8,77
1512113,5,7,1,8,1,2,8,78
1512113,5,7,1,8,1,2,8,79
1512113,6,6,1,9,1,1,9,80
1512114,2,10,2,6,2,2,3,1
1512114,1,11,1,5,3,2,4,2
1512114,1,11,2,6,2,2,6,3
1512114,0,12,2,2,7,8,1,4
1512114,1,11,1,5,3,3,3,5
1512114,6,6,1,8,2,1,9,6
1512114,5,7,2,7,2,2,7,7
1512114,6,6,2,9,1,1,9,8
1512114,2,10,2,5,4,2,5,9
1512114,5,7,2,7,2,2,6,10
1512114,6,6,2,9,1,1,1,11
1512114,0,12,1,2,7,8,1,12
1512114,5,7,1,5,4,2,8,13
1512114,2,10,1,4,4,2,6,14
1512114,5,7,1,7,3,2,8,15
1512114,5,7,2,6,3,2,8,16
1512114,0,12,1,2,8,9,1,17
1512114,0,12,2,3,6,9,1,18
1512114,0,12,1,3,7,9,1,19
1512114,5,7,2,7,3,2,8,20
1512114,6,6,2,8,2,1,9,21
1512114,0,12,2,2,8,9,1,22
1512114,1,11,2,3,6,7,4,23
1512114,1,11,2,5,4,7,3,24
1512114,5,7,2,5,5,2,8,25
1512114,6,6,2,8,2,1,9,26
1512114,6,6,1,9,1,1,9,27
1512114,2,10,1,4,3,2,7,28
1512114,6,6,2,8,1,1,9,29
1512114,6,6,1,9,1,1,9,30
1512114,5,7,1,5,2,2,8,31
1512114,0,12,2,2,7,9,1,32
1512114,6,6,1,9,1,1,9,33
1512114,2,10,1,6,3,2,6,34
1512114,6,6,1,9,1,1,9,35
1512114,1,11,1,4,5,2,5,36
1512114,0,12,1,2,7,9,1,37
1512114,2,10,2,4,4,2,6,38
1512114,5,7,1,7,2,2,8,39
1512114,5,7,1,8,3,2,8,40
1512114,5,7,1,7,2,2,8,41
1512114,1,11,1,4,6,2,5,42
1512114,6,6,2,8,1,1,9,43
1512114,1,11,2,3,5,2,5,44
1512114,0,12,2,2,8,9,1,45
1512114,1,11,1,4,4,2,4,46
1512114,2,10,2,4,5,2,7,47
1512114,0,12,1,2,8,9,1,48
1512114,6,6,1,9,1,1,9,49
1512114,1,11,2,3,4,2,5,50
1512114,5,7,1,8,2,2,8,51
1512114,0,12,2,2,8,9,1,52
1512114,5,7,2,6,3,2,8,53
1512114,6,6,2,8,2,1,9,54
1512114,2,10,1,5,4,2,6,55
1512114,0,12,1,2,7,9,1,56
1512114,1,11,1,4,6,2,4,57
1512114,6,6,1,9,1,1,9,58
1512114,0,12,2,2,8,9,1,59
1512114,0,12,1,3,6,9,1,60
1512114,6,6,2,8,2,1,9,61
1512114,5,7,1,6,3,2,8,62
1512114,2,10,2,3,5,2,5,63
1512114,5,7,2,6,3,2,8,64
1512114,6,6,1,9,1,1,9,65
1512114,6,6,1,9,1,1,9,66
1512114,0,12,2,2,7,9,1,67
1512114,5,7,2,7,2,2,8,68
1512114,2,10,1,4,4,2,6,69
1512114,2,10,2,3,3,2,6,70
1512114,6,6,2,9,1,1,9,71
1512114,5,7,1,7,2,2,8,72
1512114,5,7,1,7,2,2,8,73
1512114,5,7,2,6,2,2,8,74
1512114,6,6,2,9,1,1,9,75
1512114,2,10,1,5,3,2,5,76
1512114,5,7,2,7,1,2,8,77
1512114,0,12,1,2,8,9,1,78
1512114,1,11,2,3,5,2,4,79
1512114,6,6,1,8,2,1,9,80
1512115,6,6,2,7,3,2,8,1
1512115,1,11,2,6,6,2,8,2
1512115,5,7,2,7,5,6,5,3
1512115,5,7,1,4,6,6,5,4
1512115,0,12,2,5,6,8,2,5
1512115,6,6,2,7,3,2,8,6
1512115,1,11,1,3,6,7,3,7
1512115,6,6,1,7,3,2,8,8
1512115,2,10,2,6,5,7,3,9
1512115,1,11,1,5,5,7,2,10
1512115,1,11,2,4,5,7,3,11
1512115,0,12,1,4,6,8,2,12
1512115,0,12,2,4,4,8,3,13
1512115,2,10,1,4,4,8,2,14
1512115,0,12,2,6,3,8,1,15
1512115,6,6,2,4,5,2,8,16
1512115,5,7,1,6,5,2,7,17
1512115,5,7,2,7,3,2,6,18
1512115,6,6,1,8,2,2,6,19
1512115,0,12,1,4,4,7,2,20
1512115,5,7,1,4,6,2,7,21
1512115,1,11,1,4,5,2,2,22
1512115,5,7,2,7,4,7,5,23
1512115,0,12,1,3,7,2,3,24
1512115,2,10,2,4,7,7,2,25
1512115,6,6,2,4,4,2,7,26
1512115,0,12,2,3,3,8,2,27
1512115,2,10,2,4,3,8,2,28
1512115,6,6,1,8,3,2,8,29
1512115,1,11,2,3,4,8,2,30
1512115,5,7,2,6,5,3,3,31
1512115,6,6,2,8,5,2,6,32
1512115,2,10,1,4,5,7,2,33
1512115,5,7,2,6,4,8,3,34
1512115,2,10,1,7,4,7,2,35
1512115,6,6,1,7,4,2,8,36
1512115,0,12,1,6,4,1,9,37
1512115,5,7,1,7,4,2,8,38
1512115,5,7,1,7,4,2,8,39
1512115,6,6,1,7,3,2,8,40
1512115,6,6,1,7,3,1,9,41
1512115,2,10,2,4,5,7,4,42
1512115,1,11,1,3,6,8,2,43
1512115,5,7,1,3,6,6,5,44
1512115,5,7,2,5,4,6,7,45
1512115,1,11,1,3,4,7,3,46
1512115,1,11,2,4,4,8,2,47
1512115,6,6,2,4,6,2,9,48
1512115,5,7,2,5,3,3,8,49
1512115,0,12,2,3,3,1,9,50
1512115,5,7,1,4,4,3,7,51
1512115,6,6,2,7,3,2,8,52
1512115,6,6,1,6,4,2,8,53
1512115,2,10,2,3,3,7,2,54
1512115,5,7,2,6,3,3,6,55
1512115,0,12,1,3,3,8,2,56
1512115,0,12,2,3,4,9,1,57
1512115,2,10,1,3,5,8,1,58
1512115,0,12,1,3,6,7,1,59
1512115,6,6,1,8,2,2,8,60
1512115,5,7,2,8,4,2,8,61
1512115,0,12,1,8,4,8,2,62
1512115,0,12,2,8,5,9,1,63
1512115,6,6,2,8,2,2,8,64
1512115,5,7,1,8,5,6,3,65
1512115,1,11,2,4,3,7,3,66
1512115,2,10,1,4,5,7,2,67
1512115,6,6,1,8,3,2,8,68
1512115,1,11,2,4,5,7,2,69
1512115,6,6,1,8,4,2,9,70
1512115,2,10,1,3,6,7,2,71
1512115,0,12,2,3,6,8,2,72
1512115,2,10,2,3,4,8,1,73
1512115,5,7,1,6,3,7,3,74
1512115,5,7,2,6,3,7,3,75
1512115,6,6,2,6,2,2,9,76
1512115,1,11,1,2,4,8,2,77
1512115,6,6,2,7,5,2,8,78
1512115,5,7,1,8,3,6,7,79
1512115,0,12,1,2,7,8,1,80
1512116,1,11,2,1,9,8,1,1
1512116,6,6,2,6,6,1,9,2
1512116,5,7,2,4,5,3,7,3
1512116,1,11,1,2,5,5,1,4
1512116,6,6,2,7,6,1,9,5
1512116,5,7,1,2,3,3,5,6
1512116,0,12,2,1,9,9,1,7
1512116,6,6,1,7,4,1,9,8
1512116,2,10,2,1,9,9,2,9
1512116,1,11,2,2,7,8,1,10
1512116,0,12,2,2,7,9,1,11
1512116,5,7,1,4,4,3,5,12
1512116,1,11,1,4,4,8,1,13
1512116,6,6,1,7,3,1,9,14
1512116,0,12,2,1,7,9,1,15
1512116,5,7,1,6,4,3,5,16
1512116,2,10,2,3,7,8,3,17
1512116,0,12,1,4,4,9,1,18
1512116,2,10,1,4,4,6,2,19
1512116,6,6,1,7,3,1,9,20
1512116,0,12,1,4,4,7,1,21
1512116,6,6,2,9,7,9,9,22
1512116,5,7,2,5,5,3,5,23
1512116,1,11,1,4,4,6,2,24
1512116,5,7,2,5,5,3,5,25
1512116,6,6,2,9,3,1,9,26
1512116,6,6,1,6,4,1,9,27
1512116,0,12,1,4,4,7,1,28
1512116,5,7,2,5,5,3,5,29
1512116,5,7,1,4,3,2,5,30
1512116,2,10,1,4,5,6,2,31
1512116,0,12,2,1,7,8,1,32
1512116,2,10,1,4,4,7,2,33
1512116,2,10,2,2,7,8,1,34
1512116,0,12,1,3,4,7,1,35
1512116,1,11,2,2,7,9,1,36
1512116,5,7,1,4,3,2,5,37
1512116,6,6,2,9,3,1,9,38
1512116,6,6,1,8,3,1,9,39
1512116,5,7,2,5,4,3,5,40
1512116,5,7,2,5,4,3,5,41
1512116,6,6,1,7,3,1,9,42
1512116,2,10,2,2,6,8,1,43
1512116,1,11,1,4,3,7,1,44
1512116,1,11,2,3,4,9,1,45
1512116,5,7,1,3,4,6,5,46
1512116,5,7,1,5,3,3,5,47
1512116,1,11,1,3,4,6,1,48
1512116,0,12,1,3,3,7,1,49
1512116,6,6,1,6,2,1,9,50
1512116,0,12,2,1,7,9,1,51
1512116,2,10,2,3,5,8,1,52
1512116,0,12,2,1,8,9,1,53
1512116,6,6,2,8,3,1,9,54
1512116,2,10,1,5,5,6,2,55
1512116,5,7,2,6,5,3,5,56
1512116,6,6,1,6,2,1,9,57
1512116,0,12,1,4,3,6,9,58
1512116,0,12,1,4,3,7,1,59
1512116,0,12,2,2,6,9,1,60
1512116,6,6,2,8,5,1,9,61
1512116,1,11,2,2,5,9,1,62
1512116,5,7,1,5,2,5,5,63
1512116,6,6,1,4,2,1,9,64
1512116,5,7,2,4,3,3,1,65
1512116,2,10,1,4,3,6,2,66
1512116,6,6,1,5,5,1,9,67
1512116,1,11,2,2,5,9,1,68
1512116,5,7,2,5,3,3,5,69
1512116,5,7,1,3,2,2,5,70
1512116,2,10,1,4,2,6,2,71
1512116,6,6,2,9,4,1,9,72
1512116,1,11,1,4,3,6,1,73
1512116,0,12,1,3,3,6,1,74
1512116,5,7,2,5,3,3,5,75
1512116,6,6,2,9,4,1,9,76
1512116,0,12,2,2,7,9,1,77
1512116,2,10,2,2,5,8,2,78
1512116,5,7,1,4,3,3,5,79
1512116,6,6,2,8,4,1,9,80
1512201,1,11,1,1,7,7,2,1
1512201,1,11,1,1,7,7,2,2
1512201,2,10,2,1,8,6,3,3
1512201,5,7,2,3,5,5,6,4
1512201,1,11,2,1,8,7,2,5
1512201,6,6,1,8,1,1,9,6
1512201,0,12,2,1,9,9,1,7
1512201,5,7,1,7,2,5,8,8
1512201,6,6,2,9,1,1,9,9
1512201,5,7,1,8,2,6,4,10
1512201,6,6,1,9,1,1,9,11
1512201,2,10,2,3,7,7,4,12
1512201,5,7,2,7,3,6,5,13
1512201,6,6,2,9,1,1,9,14
1512201,0,12,1,1,9,9,1,15
1512201,2,10,1,2,8,6,3,16
1512201,0,12,2,1,9,9,1,17
1512201,5,7,2,8,2,5,5,18
1512201,6,6,1,9,1,1,9,19
1512201,0,12,2,1,9,9,1,20
1512201,1,11,2,2,8,8,2,21
1512201,5,7,1,8,2,6,4,22
1512201,6,6,1,9,1,1,9,23
1512201,0,12,1,1,9,9,1,24
1512201,5,7,2,8,2,6,5,25
1512201,0,12,1,1,9,9,1,26
1512201,2,10,1,2,8,7,2,27
1512201,1,11,2,2,8,8,2,28
1512201,6,6,1,9,1,1,9,29
1512201,6,6,2,9,1,1,9,30
1512201,5,7,2,8,2,3,7,31
1512201,2,10,1,2,8,7,4,32
1512201,5,7,1,2,8,3,7,33
1512201,5,7,1,2,8,3,7,34
1512201,0,12,2,1,9,9,1,35
1512201,1,11,1,2,8,8,2,36
1512201,6,6,2,9,1,1,9,37
1512201,2,10,2,8,2,8,2,38
1512201,6,6,2,9,1,1,9,39
1512201,0,12,1,1,9,9,1,40
1512201,5,7,1,8,2,2,8,41
1512201,6,6,2,9,1,1,9,42
1512201,6,6,1,9,1,1,9,43
1512201,5,7,2,7,3,2,8,44
1512201,1,11,2,3,7,7,2,45
1512201,1,11,1,3,7,8,2,46
1512201,1,11,1,3,8,8,2,47
1512201,6,6,2,9,1,1,9,48
1512201,5,7,1,8,2,2,8,49
1512201,0,12,2,1,9,9,1,50
1512201,2,10,2,3,7,8,2,51
1512201,0,12,1,1,9,8,1,52
1512201,2,10,1,2,8,8,2,53
1512201,1,11,2,1,9,8,2,54
1512201,0,12,1,1,9,9,1,55
1512201,1,11,1,2,8,8,2,56
1512201,0,12,2,1,9,9,1,57
1512201,6,6,2,9,1,1,9,58
1512201,5,7,2,8,2,2,8,59
1512201,0,12,2,1,9,1,1,60
1512201,0,12,1,1,9,9,1,61
1512201,5,7,2,2,8,2,8,62
1512201,6,6,2,9,1,9,1,63
1512201,2,10,1,7,3,8,2,64
1512201,5,7,2,8,2,7,5,65
1512201,2,10,2,2,8,9,2,66
1512201,6,6,1,9,1,1,9,67
1512201,0,12,2,1,9,9,1,68
1512201,5,7,1,8,2,7,2,69
1512201,2,10,2,3,8,8,2,70
1512201,6,6,1,9,1,1,9,71
1512201,6,6,2,9,1,1,9,72
1512201,6,6,1,9,1,1,9,73
1512201,2,10,1,2,8,7,3,74
1512201,0,12,1,1,9,9,1,75
1512201,1,11,2,2,8,8,2,76
1512201,5,7,2,7,3,7,5,77
1512201,5,7,1,9,2,5,5,78
1512201,5,7,1,8,2,5,5,79
1512201,6,6,1,9,1,1,9,80
1512202,2,10,2,3,7,1,5,1
1512202,1,11,1,2,8,1,5,2
1512202,1,11,2,1,9,1,5,3
1512202,0,12,2,1,9,9,1,4
1512202,1,11,1,4,6,2,4,5
1512202,6,6,1,8,2,1,9,6
1512202,5,7,2,7,3,1,7,7
1512202,6,6,2,8,1,1,9,8
1512202,2,10,2,4,6,1,9,9
1512202,5,7,2,5,5,1,6,10
1512202,6,6,2,9,1,1,9,11
1512202,0,12,1,3,7,2,1,12
1512202,5,7,1,5,5,1,7,13
1512202,2,10,1,1,5,1,6,14
1512202,5,7,1,6,5,1,7,15
1512202,5,7,2,6,5,1,8,16
1512202,0,12,1,1,6,1,6,17
1512202,0,12,2,1,9,1,1,18
1512202,0,12,1,2,9,2,1,19
1512202,5,7,2,6,4,1,7,20
1512202,6,6,2,8,2,1,9,21
1512202,0,12,2,1,8,9,1,22
1512202,1,11,2,1,7,2,7,23
1512202,1,11,2,2,6,4,5,24
1512202,5,7,2,5,4,1,6,25
1512202,6,6,2,7,3,1,9,26
1512202,6,6,1,6,4,1,9,27
1512202,2,10,1,3,6,1,6,28
1512202,6,6,2,7,3,1,9,29
1512202,6,6,1,7,3,1,9,30
1512202,5,7,1,6,3,1,8,31
1512202,0,12,2,1,9,9,1,32
1512202,6,6,1,6,3,1,9,33
1512202,2,10,1,1,5,2,1,34
1512202,6,6,1,6,4,1,9,35
1512202,1,11,1,2,7,2,8,36
1512202,0,12,1,2,7,1,1,37
1512202,2,10,2,2,7,1,3,38
1512202,5,7,1,7,3,1,7,39
1512202,5,7,1,7,3,1,7,40
1512202,5,7,1,7,3,1,7,41
1512202,1,11,1,2,7,1,8,42
1512202,6,6,2,7,3,1,9,43
1512202,1,11,2,2,7,1,8,44
1512202,0,12,2,1,9,1,9,45
1512202,1,11,1,2,7,2,9,46
1512202,2,10,2,2,6,1,7,47
1512202,0,12,1,2,7,1,1,48
1512202,6,6,1,8,1,1,9,49
1512202,1,11,2,2,8,1,3,50
1512202,5,7,1,6,4,1,8,51
1512202,0,12,2,1,9,8,1,52
1512202,5,7,2,5,5,1,8,53
1512202,6,6,2,8,1,1,9,54
1512202,2,10,1,2,6,1,6,55
1512202,0,12,1,1,6,2,1,56
1512202,1,11,1,2,7,1,8,57
1512202,6,6,1,9,1,1,9,58
1512202,0,12,2,1,9,8,1,59
1512202,0,12,1,2,7,8,1,60
1512202,6,6,2,8,1,1,9,61
1512202,5,7,1,6,3,1,8,62
1512202,2,10,2,2,6,1,7,63
1512202,5,7,2,6,3,1,8,64
1512202,6,6,1,9,1,1,9,65
1512202,6,6,1,9,1,1,9,66
1512202,0,12,2,1,9,8,9,67
1512202,5,7,2,7,3,1,7,68
1512202,2,10,1,3,7,1,6,69
1512202,2,10,2,3,7,1,7,70
1512202,6,6,2,8,1,1,9,71
1512202,5,7,1,8,2,1,7,72
1512202,5,7,1,8,2,1,8,73
1512202,5,7,2,7,2,1,8,74
1512202,6,6,2,8,1,1,9,75
1512202,2,10,1,3,6,1,6,76
1512202,5,7,2,7,2,1,7,77
1512202,0,12,1,2,5,1,1,78
1512202,1,11,2,2,7,1,3,79
1512202,6,6,1,9,1,1,9,80
1512203,6,6,2,6,4,1,9,1
1512203,1,11,2,4,5,2,8,2
1512203,5,7,2,5,5,5,5,3
1512203,5,7,1,5,5,5,5,4
1512203,0,12,2,1,9,9,1,5
1512203,6,6,2,9,1,1,9,6
1512203,1,11,1,1,8,2,2,7
1512203,6,6,1,9,1,1,9,8
1512203,2,10,2,7,3,7,3,9
1512203,1,11,1,5,5,8,2,10
1512203,1,11,2,3,7,8,2,11
1512203,0,12,1,1,9,9,1,12
1512203,0,12,2,1,9,9,1,13
1512203,2,10,1,3,7,7,3,14
1512203,0,12,2,1,9,9,1,15
1512203,6,6,2,9,1,1,9,16
1512203,5,7,1,5,5,5,5,17
1512203,5,7,2,5,5,5,5,18
1512203,6,6,1,9,1,1,9,19
1512203,0,12,1,1,9,1,9,20
1512203,5,7,1,5,5,5,5,21
1512203,1,11,1,3,7,8,2,22
1512203,5,7,2,3,5,5,5,23
1512203,0,12,1,1,9,9,1,24
1512203,2,10,2,4,7,7,3,25
1512203,6,6,2,9,1,1,9,26
1512203,0,12,2,1,9,9,1,27
1512203,2,10,2,5,5,7,3,28
1512203,6,6,1,9,1,1,9,29
1512203,1,11,2,2,8,8,2,30
1512203,5,7,2,5,5,5,5,31
1512203,6,6,2,9,1,1,9,32
1512203,2,10,1,3,7,7,3,33
1512203,5,7,2,5,5,5,5,34
1512203,2,10,1,3,7,7,3,35
1512203,6,6,1,9,1,9,9,36
1512203,0,12,1,1,9,9,1,37
1512203,5,7,1,5,5,5,5,38
1512203,5,7,1,5,5,5,5,39
1512203,6,6,1,9,1,1,9,40
1512203,6,6,1,9,1,1,9,41
1512203,2,10,2,3,7,7,3,42
1512203,1,11,1,2,8,8,2,43
1512203,5,7,1,5,5,5,5,44
1512203,5,7,2,5,5,5,5,45
1512203,1,11,1,2,8,2,8,46
1512203,1,11,2,2,8,8,2,47
1512203,6,6,2,9,1,1,9,48
1512203,5,7,2,5,5,5,5,49
1512203,0,12,2,1,9,9,1,50
1512203,5,7,1,5,5,5,5,51
1512203,6,6,2,9,1,9,9,52
1512203,6,6,1,9,1,1,9,53
1512203,2,10,2,2,8,7,3,54
1512203,5,7,2,5,5,5,5,55
1512203,0,12,1,1,9,9,1,56
1512203,0,12,2,1,9,9,1,57
1512203,2,10,1,3,7,7,3,58
1512203,0,12,1,1,9,9,1,59
1512203,6,6,1,9,1,1,9,60
1512203,5,7,2,5,5,5,5,61
1512203,0,12,1,1,9,9,1,62
1512203,0,12,2,1,9,9,1,63
1512203,6,6,2,9,1,5,9,64
1512203,5,7,1,5,5,5,5,65
1512203,1,11,2,1,9,8,2,66
1512203,2,10,1,3,7,7,3,67
1512203,6,6,1,5,5,1,9,68
1512203,1,11,2,2,8,8,2,69
1512203,6,6,1,9,1,1,9,70
1512203,2,10,1,2,8,7,3,71
1512203,0,12,2,1,9,9,1,72
1512203,2,10,2,3,7,8,2,73
1512203,5,7,1,5,5,5,5,74
1512203,5,7,2,5,5,5,5,75
1512203,6,6,2,9,1,1,9,76
1512203,1,11,1,2,8,2,2,77
1512203,6,6,2,9,1,1,9,78
1512203,5,7,1,5,5,5,5,79
1512203,0,12,1,1,9,1,9,80
1512204,1,11,2,3,8,9,1,1
1512204,6,6,2,5,1,1,9,2
1512204,5,7,2,9,1,1,7,3
1512204,1,11,1,1,9,9,2,4
1512204,6,6,2,5,1,9,9,5
1512204,5,7,1,5,3,9,8,6
1512204,0,12,2,1,9,9,1,7
1512204,6,6,1,9,5,1,1,8
1512204,2,10,2,1,1,9,2,9
1512204,1,11,2,2,9,9,2,10
1512204,0,12,2,1,9,9,2,11
1512204,5,7,1,1,1,9,2,12
1512204,1,11,1,1,9,9,2,13
1512204,6,6,1,7,3,1,9,14
1512204,0,12,2,1,9,1,1,15
1512204,5,7,1,1,2,9,2,16
1512204,2,10,2,1,4,9,5,17
1512204,0,12,1,1,9,9,1,18
1512204,2,10,1,1,7,9,1,19
1512204,6,6,1,1,2,1,9,20
1512204,0,12,1,1,7,1,1,21
1512204,6,6,2,9,3,1,9,22
1512204,5,7,2,9,4,7,5,23
1512204,1,11,1,1,8,9,7,24
1512204,5,7,2,8,4,4,3,25
1512204,6,6,2,9,2,1,5,26
1512204,6,6,1,9,5,1,5,27
1512204,0,12,1,1,9,9,1,28
1512204,5,7,2,1,2,2,4,29
1512204,5,7,1,7,3,9,4,30
1512204,2,10,1,1,9,9,1,31
1512204,0,12,2,1,9,9,1,32
1512204,2,10,1,1,5,9,1,33
1512204,2,10,2,1,9,9,1,34
1512204,0,12,1,1,8,9,1,35
1512204,1,11,2,1,9,9,1,36
1512204,5,7,1,8,3,1,9,37
1512204,6,6,2,9,1,9,4,38
1512204,6,6,1,8,1,1,5,39
1512204,5,7,2,7,2,9,3,40
1512204,5,7,2,8,1,9,5,41
1512204,6,6,1,9,2,1,6,42
1512204,2,10,2,2,9,9,2,43
1512204,1,11,1,3,8,9,1,44
1512204,1,11,2,2,8,9,1,45
1512204,5,7,1,1,1,9,3,46
1512204,5,7,1,8,2,2,2,47
1512204,1,11,1,1,9,9,1,48
1512204,0,12,1,1,9,9,1,49
1512204,6,6,1,9,1,9,1,50
1512204,0,12,2,1,8,9,1,51
1512204,2,10,2,2,9,9,1,52
1512204,0,12,2,1,9,9,1,53
1512204,6,6,2,9,3,1,9,54
1512204,2,10,1,1,8,9,1,55
1512204,5,7,2,2,2,8,8,56
1512204,6,6,1,9,1,1,2,57
1512204,0,12,1,1,7,9,1,58
1512204,0,12,1,3,9,9,1,59
1512204,0,12,2,1,9,9,1,60
1512204,6,6,2,9,1,1,9,61
1512204,1,11,2,1,9,9,1,62
1512204,5,7,1,8,9,1,9,63
1512204,6,6,1,9,1,1,4,64
1512204,5,7,2,7,2,9,5,65
1512204,2,10,1,2,8,9,7,66
1512204,6,6,1,9,1,1,1,67
1512204,1,11,2,1,9,9,1,68
1512204,5,7,2,8,3,9,1,69
1512204,5,7,1,7,3,1,9,70
1512204,2,10,1,2,8,9,1,71
1512204,6,6,2,9,1,1,9,72
1512204,1,11,1,1,9,9,1,73
1512204,0,12,1,9,9,9,1,74
1512204,5,7,2,8,2,9,9,75
1512204,6,6,2,1,9,1,9,76
1512204,0,12,2,9,9,3,2,77
1512204,2,10,2,1,9,1,9,78
1512204,5,7,1,8,2,1,9,79
1512204,6,6,2,8,2,9,1,80
1512205,1,11,1,3,7,3,1,1
1512205,1,11,1,3,7,4,1,2
1512205,1,11,2,2,8,6,1,3
1512205,6,6,2,7,5,1,9,4
1512205,0,12,2,1,7,7,1,5
1512205,5,7,1,5,5,2,8,6
1512205,2,10,2,2,7,3,3,7
1512205,6,6,1,5,3,1,9,8
1512205,5,7,2,5,5,1,8,9
1512205,5,7,1,5,5,1,8,10
1512205,6,6,1,8,4,1,9,11
1512205,1,11,2,1,7,4,2,12
1512205,6,6,2,8,3,1,9,13
1512205,6,6,2,7,3,1,9,14
1512205,0,12,1,1,5,5,1,15
1512205,2,10,1,2,7,6,1,16
1512205,0,12,2,1,8,6,1,17
1512205,5,7,2,7,5,2,8,18
1512205,5,7,1,7,4,3,8,19
1512205,0,12,2,1,7,5,1,20
1512205,2,10,2,2,7,4,2,21
1512205,6,6,1,8,4,1,9,22
1512205,6,6,1,5,2,1,9,23
1512205,0,12,1,1,7,6,1,24
1512205,5,7,2,5,5,3,8,25
1512205,1,11,1,2,6,4,2,26
1512205,0,12,1,1,7,6,1,27
1512205,0,12,2,1,8,6,1,28
1512205,5,7,1,5,5,3,9,29
1512205,6,6,2,5,5,1,9,30
1512205,5,7,2,5,7,3,8,31
1512205,2,10,1,2,6,4,3,32
1512205,5,7,1,5,5,3,8,33
1512205,6,6,1,8,2,1,9,34
1512205,2,10,2,3,6,2,2,35
1512205,2,10,1,3,6,4,2,36
1512205,6,6,2,8,2,1,9,37
1512205,1,11,2,1,6,1,2,38
1512205,5,7,2,4,4,2,8,39
1512205,0,12,1,1,7,5,1,40
1512205,6,6,1,7,2,1,9,41
1512205,5,7,2,6,3,2,8,42
1512205,5,7,1,5,5,2,9,43
1512205,6,6,2,4,5,1,9,44
1512205,2,10,2,3,6,3,2,45
1512205,1,11,1,2,7,8,2,46
1512205,1,11,1,2,7,3,2,47
1512205,5,7,2,6,5,3,8,48
1512205,5,7,1,5,5,2,8,49
1512205,1,11,2,2,9,7,2,50
1512205,0,12,2,1,9,8,1,51
1512205,0,12,1,1,9,8,1,52
1512205,2,10,1,3,6,7,3,53
1512205,2,10,2,2,7,8,3,54
1512205,0,12,1,1,8,8,1,55
1512205,0,12,1,1,7,8,1,56
1512205,0,12,2,1,6,9,1,57
1512205,6,6,2,8,2,1,9,58
1512205,5,7,2,5,5,2,8,59
1512205,0,12,2,3,7,7,1,60
1512205,2,10,1,3,7,5,2,61
1512205,5,7,2,4,5,5,2,62
1512205,6,6,2,6,4,1,9,63
1512205,2,10,1,2,8,5,3,64
1512205,5,7,2,5,5,4,8,65
1512205,1,11,2,2,7,5,2,66
1512205,6,6,1,6,2,1,9,67
1512205,1,11,2,2,6,5,2,68
1512205,6,6,1,9,2,1,9,69
1512205,0,12,2,1,7,7,1,70
1512205,5,7,1,5,5,2,8,71
1512205,6,6,2,8,2,1,9,72
1512205,6,6,1,8,2,1,9,73
1512205,1,11,1,2,7,5,2,74
1512205,0,12,1,1,3,6,1,75
1512205,2,10,2,2,6,4,3,76
1512205,6,6,2,8,2,1,9,77
1512205,6,6,1,8,2,1,9,78
1512205,5,7,1,4,5,2,8,79
1512205,5,7,1,3,3,2,8,80
1512206,1,11,2,3,2,4,8,1
1512206,1,11,1,2,4,2,9,2
1512206,0,12,2,1,7,3,9,3
1512206,2,10,2,1,6,2,2,4
1512206,1,11,1,1,6,2,1,5
1512206,5,7,1,6,4,1,8,6
1512206,6,6,2,8,2,1,8,7
1512206,5,7,2,5,5,1,6,8
1512206,1,11,2,7,3,2,2,9
1512206,6,6,2,7,2,1,5,10
1512206,6,6,2,8,1,1,5,11
1512206,0,12,1,1,7,3,1,12
1512206,6,6,1,9,1,1,5,13
1512206,2,10,1,2,2,1,3,14
1512206,5,7,1,2,2,1,5,15
1512206,5,7,2,5,2,1,3,16
1512206,0,12,1,1,6,1,1,17
1512206,0,12,2,1,6,2,1,18
1512206,1,11,1,1,5,1,1,19
1512206,5,7,2,7,3,1,8,20
1512206,6,6,2,9,1,1,8,21
1512206,0,12,2,1,6,1,1,22
1512206,2,10,2,1,5,1,4,23
1512206,0,12,2,1,3,2,8,24
1512206,5,7,2,6,4,1,8,25
1512206,6,6,2,8,2,1,8,26
1512206,6,6,1,8,2,1,8,27
1512206,0,12,1,1,6,1,1,28
1512206,5,7,2,6,4,1,8,29
1512206,5,7,1,6,4,1,5,30
1512206,6,6,1,8,2,1,5,31
1512206,2,10,2,1,7,2,5,32
1512206,6,6,1,8,2,1,8,33
1512206,2,10,1,3,4,1,3,34
1512206,5,7,1,2,2,1,5,35
1512206,2,10,1,3,4,1,8,36
1512206,0,12,1,1,2,1,1,37
1512206,1,11,2,1,2,1,1,38
1512206,5,7,1,6,2,1,4,39
1512206,6,6,1,8,2,1,8,40
1512206,6,6,1,8,2,1,8,41
1512206,1,11,1,1,6,1,2,42
1512206,5,7,2,8,2,1,8,43
1512206,2,10,2,3,4,1,4,44
1512206,1,11,2,1,2,1,4,45
1512206,1,11,1,1,3,1,3,46
1512206,0,12,2,1,6,1,5,47
1512206,0,12,1,1,6,3,5,48
1512206,5,7,1,8,2,1,5,49
1512206,2,10,2,1,6,1,4,50
1512206,5,7,1,7,3,2,3,51
1512206,0,12,2,1,7,1,1,52
1512206,6,6,2,8,2,5,5,53
1512206,5,7,2,4,4,5,5,54
1512206,2,10,1,3,4,1,3,55
1512206,0,12,1,1,7,1,1,56
1512206,0,12,1,1,7,4,1,57
1512206,6,6,1,8,2,8,8,58
1512206,0,12,2,1,5,1,4,59
1512206,2,10,1,1,5,2,5,60
1512206,6,6,2,8,2,1,8,61
1512206,6,6,1,8,2,1,7,62
1512206,1,11,2,2,6,2,1,63
1512206,5,7,2,8,3,1,4,64
1512206,5,7,1,8,3,1,5,65
1512206,6,6,1,8,1,1,6,66
1512206,1,11,2,1,6,1,8,67
1512206,5,7,2,8,1,1,8,68
1512206,2,10,1,1,8,1,5,69
1512206,0,12,2,1,6,4,1,70
1512206,6,6,2,8,1,3,9,71
1512206,6,6,1,8,1,3,9,72
1512206,5,7,1,5,3,3,7,73
1512206,5,7,2,5,3,1,7,74
1512206,6,6,2,9,1,1,8,75
1512206,1,11,1,1,6,3,6,76
1512206,6,6,2,8,2,1,8,77
1512206,0,12,1,1,6,3,5,78
1512206,2,10,2,2,6,2,1,79
1512206,5,7,1,6,4,2,8,80
1512207,5,7,2,1,4,7,6,1
1512207,2,10,2,1,7,8,2,2
1512207,6,6,2,9,1,1,1,3
1512207,6,6,1,9,1,1,1,4
1512207,1,11,2,1,8,8,1,5
1512207,5,7,2,1,7,3,6,6
1512207,1,11,1,1,9,8,2,7
1512207,5,7,1,2,8,5,4,8
1512207,0,12,2,1,9,9,1,9
1512207,1,11,1,2,8,8,2,10
1512207,2,10,2,2,7,8,2,11
1512207,0,12,1,1,9,9,1,12
1512207,0,12,2,1,9,9,1,13
1512207,2,10,1,2,8,8,2,14
1512207,0,12,2,1,9,9,1,15
1512207,6,6,2,9,1,1,9,16
1512207,5,7,1,1,4,6,4,17
1512207,5,7,2,1,4,5,4,18
1512207,6,6,1,9,1,1,9,19
1512207,0,12,1,1,9,9,1,20
1512207,6,6,1,9,1,1,9,21
1512207,0,12,1,1,8,9,1,22
1512207,5,7,2,1,3,5,4,23
1512207,2,10,1,1,7,8,2,24
1512207,1,11,2,1,8,8,2,25
1512207,6,6,2,9,3,1,9,26
1512207,1,11,2,1,9,8,1,27
1512207,0,12,2,1,9,9,1,28
1512207,5,7,1,1,7,6,3,29
1512207,2,10,2,1,8,8,2,30
1512207,5,7,2,1,7,5,5,31
1512207,6,6,2,9,2,1,9,32
1512207,2,10,1,1,7,8,2,33
1512207,6,6,2,9,1,1,9,34
1512207,1,11,1,1,3,8,2,35
1512207,6,6,1,9,2,1,9,36
1512207,0,12,1,1,9,9,1,37
1512207,6,6,1,9,1,1,9,38
1512207,5,7,1,1,4,3,3,39
1512207,5,7,1,1,4,5,3,40
1512207,5,7,1,1,4,5,3,41
1512207,1,11,2,1,7,8,2,42
1512207,1,11,1,1,7,8,2,43
1512207,6,6,1,9,3,1,9,44
1512207,6,6,2,9,3,1,9,45
1512207,1,11,1,1,9,8,2,46
1512207,0,12,2,1,8,9,1,47
1512207,5,7,2,1,6,4,3,48
1512207,6,6,2,7,2,1,9,49
1512207,2,10,2,1,5,8,2,50
1512207,5,7,1,1,4,5,3,51
1512207,6,6,2,9,1,1,9,52
1512207,6,6,1,9,1,1,9,53
1512207,1,11,2,1,8,8,2,54
1512207,5,7,2,1,4,5,3,55
1512207,0,12,1,1,9,9,1,56
1512207,0,12,2,1,9,9,1,57
1512207,2,10,1,1,8,8,2,58
1512207,0,12,1,1,9,9,1,59
1512207,5,7,1,1,9,7,3,60
1512207,5,7,2,1,8,7,3,61
1512207,1,11,1,1,8,8,2,62
1512207,0,12,2,1,9,9,1,63
1512207,6,6,2,9,2,1,9,64
1512207,6,6,1,9,1,1,9,65
1512207,2,10,2,2,7,8,2,66
1512207,0,12,1,1,9,9,1,67
1512207,6,6,1,9,1,1,9,68
1512207,0,12,2,1,9,9,1,69
1512207,5,7,1,1,9,7,3,70
1512207,2,10,1,1,8,8,2,71
1512207,2,10,2,3,7,8,2,72
1512207,1,11,2,2,8,8,2,73
1512207,5,7,1,1,5,8,3,74
1512207,5,7,2,5,5,7,3,75
1512207,6,6,2,9,1,1,9,76
1512207,2,10,1,1,7,8,2,77
1512207,5,7,2,5,5,6,2,78
1512207,6,6,1,9,1,1,9,79
1512207,0,12,1,1,9,9,1,80
1512208,2,10,2,7,3,3,2,1
1512208,5,7,2,7,3,3,2,2
1512208,6,6,2,9,2,3,2,3
1512208,1,11,1,7,3,1,2,4
1512208,5,7,2,7,3,2,3,5
1512208,6,6,1,6,2,2,3,6
1512208,1,11,2,5,3,1,2,7
1512208,5,7,1,7,4,2,3,8
1512208,0,12,2,6,3,2,3,9
1512208,2,10,2,7,2,1,2,10
1512208,0,12,2,6,3,2,1,11
1512208,5,7,1,6,3,2,3,12
1512208,1,11,1,6,4,2,1,13
1512208,6,6,1,8,2,1,1,14
1512208,0,12,2,7,3,1,2,15
1512208,6,6,1,6,2,2,3,16
1512208,1,11,2,8,3,1,2,17
1512208,0,12,1,8,2,2,1,18
1512208,2,10,1,8,3,3,2,19
1512208,5,7,1,6,3,3,2,20
1512208,0,12,1,6,4,1,2,21
1512208,6,6,2,7,3,3,2,22
1512208,5,7,2,7,2,3,2,23
1512208,0,12,1,6,3,3,2,24
1512208,5,7,2,7,3,1,2,25
1512208,6,6,2,7,2,3,2,26
1512208,6,6,1,9,1,3,2,27
1512208,2,10,1,8,2,2,1,28
1512208,5,7,2,7,2,2,3,29
1512208,6,6,1,9,1,2,3,30
1512208,2,10,1,6,3,2,3,31
1512208,1,11,2,7,3,2,1,32
1512208,1,11,1,7,2,2,1,33
1512208,0,12,2,9,3,2,1,34
1512208,0,12,1,7,3,2,1,35
1512208,2,10,2,7,4,2,1,36
1512208,5,7,1,7,3,2,1,37
1512208,6,6,2,7,3,1,9,38
1512208,5,7,1,7,4,1,8,39
1512208,6,6,2,7,4,1,9,40
1512208,6,6,2,7,4,1,1,41
1512208,5,7,1,7,3,1,9,42
1512208,1,11,2,7,3,2,6,43
1512208,1,11,1,7,4,1,7,44
1512208,0,12,2,7,4,1,8,45
1512208,6,6,1,7,3,1,9,46
1512208,5,7,1,7,3,1,9,47
1512208,1,11,1,7,3,8,8,48
1512208,0,12,1,6,3,8,1,49
1512208,6,6,1,6,2,1,9,50
1512208,2,10,2,7,3,9,1,51
1512208,1,11,2,7,2,1,8,52
1512208,0,12,2,7,4,7,8,53
1512208,5,7,2,8,3,8,9,54
1512208,2,10,1,7,2,1,9,55
1512208,6,6,2,7,4,1,8,56
1512208,5,7,1,8,3,1,9,57
1512208,0,12,1,7,3,1,8,58
1512208,1,11,1,6,3,2,1,59
1512208,0,12,2,6,3,1,1,60
1512208,6,6,2,6,3,2,9,61
1512208,2,10,2,7,3,1,1,62
1512208,6,6,1,8,3,1,9,63
1512208,6,6,1,8,2,1,9,64
1512208,5,7,2,8,3,1,9,65
1512208,0,12,1,7,2,1,8,66
1512208,5,7,1,7,3,1,8,67
1512208,0,12,2,7,4,1,8,68
1512208,5,7,2,7,3,1,8,69
1512208,5,7,1,7,3,1,8,70
1512208,2,10,1,6,5,8,2,71
1512208,6,6,2,8,2,7,9,72
1512208,2,10,1,8,4,1,8,73
1512208,0,12,1,8,3,8,8,74
1512208,5,7,2,8,2,1,8,75
1512208,6,6,2,7,3,1,9,76
1512208,2,10,2,6,3,1,1,77
1512208,1,11,2,6,4,9,1,78
1512208,6,6,1,6,2,9,1,79
1512208,5,7,2,7,4,1,7,80
1512209,1,11,1,1,6,8,3,1
1512209,1,11,1,1,6,6,3,2
1512209,2,10,2,2,9,6,3,3
1512209,5,7,2,4,5,6,3,4
1512209,1,11,2,2,7,7,2,5
1512209,6,6,1,8,4,5,8,6
1512209,0,12,2,3,6,8,1,7
1512209,5,7,1,4,4,5,7,8
1512209,6,6,2,7,4,5,8,9
1512209,5,7,1,6,3,5,8,10
1512209,6,6,1,7,4,5,8,11
1512209,2,10,2,3,7,6,4,12
1512209,5,7,2,5,5,5,4,13
1512209,6,6,2,6,4,5,8,14
1512209,0,12,1,1,8,8,1,15
1512209,2,10,1,3,7,7,3,16
1512209,0,12,2,1,7,8,1,17
1512209,5,7,2,4,4,6,7,18
1512209,6,6,1,6,3,5,8,19
1512209,0,12,2,1,8,8,1,20
1512209,1,11,2,2,7,7,2,21
1512209,5,7,1,5,3,7,6,22
1512209,6,6,1,7,3,5,8,23
1512209,0,12,1,1,8,8,1,24
1512209,5,7,2,5,4,6,7,25
1512209,0,12,1,2,8,7,1,26
1512209,2,10,1,2,7,7,3,27
1512209,1,11,2,2,7,7,3,28
1512209,6,6,1,6,3,5,8,29
1512209,6,6,2,7,2,5,8,30
1512209,5,7,2,5,3,6,7,31
1512209,2,10,1,3,6,7,2,32
1512209,5,7,1,6,3,6,8,33
1512209,5,7,1,6,3,5,7,34
1512209,0,12,2,1,8,8,1,35
1512209,1,11,1,2,7,7,2,36
1512209,6,6,2,6,3,5,8,37
1512209,2,10,2,3,6,6,3,38
1512209,6,6,2,6,3,5,8,39
1512209,0,12,1,1,8,7,1,40
1512209,5,7,1,6,3,6,7,41
1512209,6,6,2,6,3,5,8,42
1512209,6,6,1,7,3,5,8,43
1512209,5,7,2,4,3,6,7,44
1512209,1,11,2,2,7,7,2,45
1512209,1,11,1,3,7,7,2,46
1512209,1,11,1,3,7,7,2,47
1512209,6,6,2,4,5,6,8,48
1512209,5,7,1,4,3,6,7,49
1512209,0,12,2,1,8,8,1,50
1512209,2,10,2,2,7,7,3,51
1512209,0,12,1,1,8,8,1,52
1512209,2,10,1,2,7,7,3,53
1512209,1,11,2,2,7,8,2,54
1512209,0,12,1,1,8,8,1,55
1512209,1,11,1,2,7,7,2,56
1512209,0,12,2,1,8,8,1,57
1512209,6,6,2,5,4,5,8,58
1512209,5,7,2,5,4,6,7,59
1512209,0,12,2,1,8,8,1,60
1512209,0,12,1,1,8,8,2,61
1512209,5,7,2,4,4,6,7,62
1512209,6,6,2,6,3,5,8,63
1512209,2,10,1,3,6,7,3,64
1512209,5,7,2,6,3,5,7,65
1512209,2,10,2,3,6,7,3,66
1512209,6,6,1,6,3,5,8,67
1512209,0,12,2,1,8,8,1,68
1512209,5,7,1,6,3,5,7,69
1512209,2,10,2,3,6,7,3,70
1512209,6,6,1,6,3,5,8,71
1512209,6,6,2,6,3,5,8,72
1512209,6,6,1,7,3,5,8,73
1512209,2,10,1,3,6,7,3,74
1512209,0,12,1,1,8,8,1,75
1512209,1,11,2,3,6,7,2,76
1512209,5,7,2,6,4,5,7,77
1512209,5,7,1,5,4,5,7,78
1512209,5,7,1,5,4,5,8,79
1512209,6,6,1,5,4,5,8,80
1512210,2,10,2,5,5,5,4,1
1512210,1,11,1,5,5,6,2,2
1512210,1,11,2,5,1,2,2,3
1512210,0,12,2,5,1,7,1,4
1512210,1,11,1,5,1,6,2,5
1512210,6,6,1,9,1,1,9,6
1512210,5,7,2,9,1,1,8,7
1512210,6,6,2,5,4,1,9,8
1512210,2,10,2,5,1,3,3,9
1512210,5,7,2,5,1,2,8,10
1512210,6,6,2,5,1,1,9,11
1512210,0,12,1,5,1,9,1,12
1512210,5,7,1,5,1,8,8,13
1512210,2,10,1,5,4,3,8,14
1512210,5,7,1,4,1,3,8,15
1512210,5,7,2,5,1,3,8,16
1512210,0,12,1,4,4,9,1,17
1512210,0,12,2,5,4,9,1,18
1512210,0,12,1,5,4,9,1,19
1512210,5,7,2,5,1,2,8,20
1512210,6,6,2,4,3,1,9,21
1512210,0,12,2,5,1,9,1,22
1512210,1,11,2,5,1,7,3,23
1512210,1,11,2,5,1,7,3,24
1512210,5,7,2,5,2,5,5,25
1512210,6,6,2,5,1,8,8,26
1512210,6,6,1,5,1,5,8,27
1512210,2,10,1,4,3,3,7,28
1512210,6,6,2,5,1,1,9,29
1512210,6,6,1,9,1,1,9,30
1512210,5,7,1,5,3,2,8,31
1512210,0,12,2,6,5,9,1,32
1512210,6,6,1,6,2,1,9,33
1512210,2,10,1,5,5,7,4,34
1512210,6,6,1,5,1,1,8,35
1512210,1,11,1,5,3,5,3,36
1512210,0,12,1,5,7,9,1,37
1512210,2,10,2,5,2,7,3,38
1512210,5,7,1,5,1,5,5,39
1512210,5,7,1,5,1,5,5,40
1512210,5,7,1,5,1,5,5,41
1512210,1,11,1,4,4,7,3,42
1512210,6,6,2,5,2,2,9,43
1512210,1,11,2,4,2,7,2,44
1512210,0,12,2,5,2,8,1,45
1512210,1,11,1,4,2,8,2,46
1512210,2,10,2,4,2,8,2,47
1512210,0,12,1,4,2,9,1,48
1512210,6,6,1,5,1,1,9,49
1512210,1,11,2,4,2,7,2,50
1512210,5,7,1,4,1,5,5,51
1512210,0,12,2,4,3,8,1,52
1512210,5,7,2,5,1,6,7,53
1512210,6,6,2,5,1,1,9,54
1512210,2,10,1,4,3,6,3,55
1512210,0,12,1,4,3,7,1,56
1512210,1,11,1,5,3,8,2,57
1512210,6,6,1,5,1,1,9,58
1512210,0,12,2,4,3,1,1,59
1512210,0,12,1,4,3,8,1,60
1512210,6,6,2,5,1,1,9,61
1512210,5,7,1,5,1,1,9,62
1512210,2,10,2,4,2,2,6,63
1512210,5,7,2,5,1,5,6,64
1512210,6,6,1,5,1,1,9,65
1512210,6,6,1,5,1,1,9,66
1512210,0,12,2,4,4,8,1,67
1512210,5,7,2,5,1,5,6,68
1512210,2,10,1,4,2,7,2,69
1512210,2,10,2,4,4,7,2,70
1512210,6,6,2,5,3,1,9,71
1512210,5,7,1,5,1,7,2,72
1512210,5,7,1,5,1,7,2,73
1512210,5,7,2,5,3,7,2,74
1512210,6,6,2,5,4,1,9,75
1512210,2,10,1,4,3,5,3,76
1512210,5,7,2,5,3,5,6,77
1512210,0,12,1,3,4,9,1,78
1512210,1,11,2,5,4,8,2,79
1512210,6,6,1,5,1,1,9,80
1512211,6,6,2,9,1,1,9,1
1512211,1,11,2,2,9,8,8,2
1512211,5,7,2,8,6,2,1,3
1512211,5,7,1,8,5,1,1,4
1512211,0,12,2,1,9,9,1,5
1512211,6,6,2,9,1,1,1,6
1512211,1,11,1,9,9,8,1,7
1512211,6,6,1,9,1,1,1,8
1512211,2,10,2,2,8,7,2,9
1512211,1,11,1,1,9,8,2,10
1512211,1,11,2,1,9,8,2,11
1512211,0,12,1,1,9,9,1,12
1512211,0,12,2,1,9,9,1,13
1512211,2,10,1,2,8,8,2,14
1512211,0,12,2,2,8,9,1,15
1512211,6,6,2,9,1,1,9,16
1512211,5,7,1,8,2,2,7,17
1512211,5,7,2,8,2,3,8,18
1512211,6,6,1,9,1,1,9,19
1512211,0,12,1,1,9,9,1,20
1512211,5,7,1,7,3,3,8,21
1512211,1,11,1,2,8,8,2,22
1512211,5,7,2,6,4,3,7,23
1512211,0,12,1,1,9,9,1,24
1512211,2,10,2,2,8,8,2,25
1512211,6,6,2,9,1,9,9,26
1512211,0,12,2,1,9,9,1,27
1512211,2,10,2,2,8,8,2,28
1512211,6,6,1,9,1,1,9,29
1512211,1,11,2,2,8,9,1,30
1512211,5,7,2,8,2,2,8,31
1512211,6,6,2,9,1,1,9,32
1512211,2,10,1,2,8,8,3,33
1512211,5,7,2,9,1,3,8,34
1512211,2,10,1,2,8,7,3,35
1512211,6,6,1,9,1,9,9,36
1512211,0,12,1,1,9,9,1,37
1512211,5,7,1,7,3,2,8,38
1512211,5,7,1,8,2,1,9,39
1512211,6,6,1,9,1,1,9,40
1512211,6,6,1,9,1,1,9,41
1512211,2,10,2,1,8,8,2,42
1512211,1,11,1,2,8,9,1,43
1512211,5,7,1,8,2,4,8,44
1512211,5,7,2,8,2,2,8,45
1512211,1,11,1,2,8,9,1,46
1512211,1,11,2,2,8,9,1,47
1512211,6,6,2,9,1,1,9,48
1512211,5,7,2,8,2,2,8,49
1512211,0,12,2,1,9,9,1,50
1512211,5,7,1,6,4,2,8,51
1512211,6,6,2,6,1,1,9,52
1512211,6,6,1,9,1,1,9,53
1512211,2,10,2,2,8,8,2,54
1512211,5,7,2,8,2,3,7,55
1512211,0,12,1,1,9,9,1,56
1512211,0,12,2,1,9,9,1,57
1512211,2,10,1,2,8,8,2,58
1512211,0,12,1,1,9,9,1,59
1512211,6,6,1,9,1,1,9,60
1512211,5,7,2,8,2,2,8,61
1512211,0,12,1,1,9,9,1,62
1512211,0,12,2,1,9,9,1,63
1512211,6,6,2,9,1,1,9,64
1512211,5,7,1,8,2,2,7,65
1512211,1,11,2,2,8,9,1,66
1512211,2,10,1,2,8,8,3,67
1512211,6,6,1,9,1,1,9,68
1512211,1,11,2,2,8,9,1,69
1512211,6,6,1,9,1,9,9,70
1512211,2,10,1,2,8,8,2,71
1512211,0,12,2,1,9,9,1,72
1512211,2,10,2,2,8,9,1,73
1512211,5,7,1,8,2,2,8,74
1512211,5,7,2,8,2,2,7,75
1512211,6,6,2,9,1,1,9,76
1512211,1,11,1,1,8,9,1,77
1512211,6,6,2,9,1,1,9,78
1512211,5,7,1,8,2,1,8,79
1512211,0,12,1,1,9,9,1,80
1512212,1,11,2,1,8,4,2,1
1512212,6,6,2,7,1,1,9,2
1512212,5,7,2,8,2,1,7,3
1512212,1,11,1,1,6,4,7,4
1512212,6,6,2,7,1,1,9,5
1512212,5,7,1,6,4,1,7,6
1512212,0,12,2,1,6,7,7,7
1512212,6,6,1,8,1,1,9,8
1512212,2,10,2,3,6,7,7,9
1512212,1,11,2,1,7,7,7,10
1512212,0,12,2,1,7,8,7,11
1512212,5,7,1,7,2,1,7,12
1512212,1,11,1,1,7,6,7,13
1512212,6,6,1,8,1,1,7,14
1512212,0,12,2,1,8,7,7,15
1512212,5,7,1,6,2,1,7,16
1512212,2,10,2,2,5,6,7,17
1512212,0,12,1,1,6,8,7,18
1512212,2,10,1,2,6,7,7,19
1512212,6,6,1,7,1,1,9,20
1512212,0,12,1,1,6,8,7,21
1512212,6,6,2,7,1,1,9,22
1512212,5,7,2,6,3,1,7,23
1512212,1,11,1,1,7,7,7,24
1512212,5,7,2,5,5,1,7,25
1512212,6,6,2,7,1,1,9,26
1512212,6,6,1,7,1,1,9,27
1512212,0,12,1,1,6,8,7,28
1512212,5,7,2,4,4,1,7,29
1512212,5,7,1,3,4,2,7,30
1512212,2,10,1,2,5,4,7,31
1512212,0,12,2,1,6,8,7,32
1512212,2,10,1,2,6,6,7,33
1512212,2,10,2,1,6,6,7,34
1512212,0,12,1,1,7,8,7,35
1512212,1,11,2,1,6,8,7,36
1512212,5,7,1,6,2,2,7,37
1512212,6,6,2,6,1,1,9,38
1512212,6,6,1,6,1,1,9,39
1512212,5,7,2,4,4,2,7,40
1512212,5,7,2,4,1,2,7,41
1512212,6,6,1,6,1,1,9,42
1512212,2,10,2,2,5,7,7,43
1512212,1,11,1,2,6,7,7,44
1512212,1,11,2,2,6,7,7,45
1512212,5,7,1,5,3,2,9,46
1512212,5,7,1,5,3,2,7,47
1512212,1,11,1,4,6,7,7,48
1512212,0,12,1,1,7,8,7,49
1512212,6,6,1,7,1,1,9,50
1512212,0,12,2,1,5,8,7,51
1512212,2,10,2,1,5,7,7,52
1512212,0,12,2,1,5,8,7,53
1512212,6,6,2,6,1,1,9,54
1512212,2,10,1,3,5,7,7,55
1512212,5,7,2,1,5,2,7,56
1512212,6,6,1,6,1,1,9,57
1512212,0,12,1,1,6,8,7,58
1512212,0,12,1,1,6,8,7,59
1512212,0,12,2,1,6,8,7,60
1512212,6,6,2,6,1,1,9,61
1512212,1,11,2,1,6,7,7,62
1512212,5,7,1,5,3,2,7,63
1512212,6,6,1,7,1,1,9,64
1512212,5,7,2,6,1,2,7,65
1512212,2,10,1,1,5,7,7,66
1512212,6,6,1,6,1,1,9,67
1512212,1,11,2,1,5,7,7,68
1512212,5,7,2,5,3,2,9,69
1512212,5,7,1,5,3,2,7,70
1512212,2,10,1,1,7,6,7,71
1512212,6,6,2,6,1,1,9,72
1512212,1,11,1,1,6,7,7,73
1512212,0,12,1,1,6,8,7,74
1512212,5,7,2,5,1,2,7,75
1512212,6,6,2,6,1,1,9,76
1512212,0,12,2,1,6,8,7,77
1512212,2,10,2,1,6,6,7,78
1512212,5,7,1,6,3,2,7,79
1512212,6,6,2,6,1,1,7,80
1512213,1,11,1,1,9,8,1,1
1512213,1,11,1,1,9,9,1,2
1512213,1,11,2,1,9,9,1,3
1512213,6,6,2,1,9,1,9,4
1512213,0,12,2,1,9,9,1,5
1512213,5,7,1,3,6,3,4,6
1512213,2,10,2,1,9,9,1,7
1512213,6,6,1,8,2,1,9,8
1512213,5,7,2,6,4,4,4,9
1512213,5,7,1,4,6,2,4,10
1512213,6,6,1,8,2,1,9,11
1512213,1,11,2,1,9,9,1,12
1512213,6,6,2,8,2,2,4,13
1512213,6,6,2,8,2,2,4,14
1512213,0,12,1,1,9,9,1,15
1512213,2,10,1,1,9,9,1,16
1512213,0,12,2,1,9,9,1,17
1512213,5,7,2,4,6,2,4,18
1512213,5,7,1,4,6,2,4,19
1512213,0,12,2,1,9,9,1,20
1512213,2,10,2,1,9,9,1,21
1512213,6,6,1,8,2,2,9,22
1512213,6,6,1,8,2,1,9,23
1512213,0,12,1,1,9,9,1,24
1512213,5,7,2,4,6,2,4,25
1512213,1,11,1,1,9,9,1,26
1512213,0,12,1,1,9,9,1,27
1512213,0,12,2,1,9,9,1,28
1512213,5,7,1,4,6,2,4,29
1512213,6,6,2,8,2,1,9,30
1512213,5,7,2,4,6,2,4,31
1512213,2,10,1,1,9,9,9,32
1512213,5,7,1,4,6,2,4,33
1512213,6,6,1,8,2,1,1,34
1512213,2,10,2,1,9,9,9,35
1512213,2,10,1,1,9,9,9,36
1512213,6,6,2,8,2,1,1,37
1512213,1,11,2,1,9,9,9,38
1512213,5,7,2,4,6,2,2,39
1512213,0,12,1,1,9,9,9,40
1512213,6,6,1,8,2,1,1,41
1512213,5,7,2,4,6,2,2,42
1512213,5,7,1,4,6,2,4,43
1512213,6,6,2,8,2,1,1,44
1512213,2,10,2,1,9,9,1,45
1512213,1,11,1,1,9,9,1,46
1512213,1,11,1,1,9,9,1,47
1512213,5,7,2,4,6,9,4,48
1512213,5,7,1,4,6,2,4,49
1512213,1,11,2,1,9,2,1,50
1512213,0,12,2,1,9,9,1,51
1512213,0,12,1,1,9,9,1,52
1512213,2,10,1,1,9,9,1,53
1512213,2,10,2,1,9,9,1,54
1512213,0,12,1,1,9,9,1,55
1512213,0,12,1,1,9,9,1,56
1512213,0,12,2,1,9,9,1,57
1512213,6,6,2,8,2,1,9,58
1512213,5,7,2,4,6,2,4,59
1512213,0,12,2,1,9,9,1,60
1512213,2,10,1,1,9,9,1,61
1512213,5,7,2,4,6,2,4,62
1512213,6,6,2,8,2,1,9,63
1512213,2,10,1,1,9,9,1,64
1512213,5,7,2,4,6,2,4,65
1512213,1,11,2,1,9,9,1,66
1512213,6,6,1,8,2,1,9,67
1512213,1,11,2,1,9,9,1,68
1512213,6,6,1,8,2,1,9,69
1512213,0,12,2,8,9,9,1,70
1512213,5,7,1,4,6,2,4,71
1512213,6,6,2,8,2,1,9,72
1512213,6,6,1,8,2,9,9,73
1512213,1,11,1,1,9,9,1,74
1512213,0,12,1,1,9,9,1,75
1512213,2,10,2,1,9,9,1,76
1512213,6,6,2,8,2,1,9,77
1512213,6,6,1,8,2,1,9,78
1512213,5,7,1,4,6,2,4,79
1512213,5,7,1,4,6,2,4,80
1512215,5,7,2,5,5,4,4,1
1512215,2,10,2,1,9,2,2,2
1512215,6,6,2,9,1,9,9,3
1512215,6,6,1,9,1,9,9,4
1512215,1,11,2,2,8,2,2,5
1512215,5,7,2,3,7,3,3,6
1512215,1,11,1,2,8,1,1,7
1512215,5,7,1,3,7,3,3,8
1512215,0,12,2,1,9,1,1,9
1512215,1,11,1,1,9,1,1,10
1512215,2,10,2,3,7,1,1,11
1512215,0,12,1,1,9,1,1,12
1512215,0,12,2,1,9,1,1,13
1512215,2,10,1,2,8,6,2,14
1512215,0,12,2,2,8,9,1,15
1512215,6,6,2,9,1,5,9,16
1512215,5,7,1,2,8,3,6,17
1512215,5,7,2,2,8,3,4,18
1512215,6,6,1,9,1,1,9,19
1512215,0,12,1,1,9,9,1,20
1512215,6,6,1,9,1,1,9,21
1512215,0,12,1,1,9,9,1,22
1512215,5,7,2,3,7,4,5,23
1512215,2,10,1,2,8,8,1,24
1512215,1,11,2,2,8,8,1,25
1512215,6,6,2,9,1,1,9,26
1512215,1,11,2,3,7,8,1,27
1512215,0,12,2,1,9,9,1,28
1512215,5,7,1,3,7,6,8,29
1512215,2,10,2,1,9,7,2,30
1512215,5,7,2,3,7,7,7,31
1512215,6,6,2,9,1,1,9,32
1512215,2,10,1,1,9,8,2,33
1512215,6,6,2,9,1,9,9,34
1512215,1,11,1,2,8,9,1,35
1512215,6,6,1,9,1,1,9,36
1512215,0,12,1,1,9,9,1,37
1512215,6,6,1,9,1,1,9,38
1512215,5,7,1,2,8,6,7,39
1512215,5,7,1,2,8,6,7,40
1512215,5,7,1,6,4,7,7,41
1512215,1,11,2,1,9,8,2,42
1512215,1,11,1,1,9,8,1,43
1512215,6,6,1,9,1,1,9,44
1512215,6,6,2,9,1,1,9,45
1512215,1,11,1,3,7,1,1,46
1512215,0,12,2,1,9,9,1,47
1512215,5,7,2,2,8,8,5,48
1512215,6,6,2,9,1,1,9,49
1512215,2,10,2,1,9,7,2,50
1512215,5,7,1,4,6,7,2,51
1512215,6,6,2,9,1,1,9,52
1512215,6,6,1,9,1,1,9,53
1512215,1,11,2,1,9,9,1,54
1512215,5,7,2,3,7,6,6,55
1512215,0,12,1,1,9,1,1,56
1512215,0,12,2,1,9,8,1,57
1512215,2,10,1,1,9,7,2,58
1512215,0,12,1,1,9,9,1,59
1512215,5,7,1,5,5,5,5,60
1512215,5,7,2,5,5,5,5,61
1512215,1,11,1,2,8,9,1,62
1512215,0,12,2,1,9,9,1,63
1512215,6,6,2,9,1,1,9,64
1512215,6,6,1,9,1,1,9,65
1512215,2,10,2,2,8,9,1,66
1512215,0,12,1,2,8,9,1,67
1512215,6,6,1,9,1,1,9,68
1512215,0,12,2,2,8,9,1,69
1512215,5,7,1,3,7,5,5,70
1512215,2,10,1,3,7,9,1,71
1512215,2,10,2,2,8,9,1,72
1512215,1,11,2,2,8,9,1,73
1512215,5,7,1,4,6,5,5,74
1512215,5,7,2,3,7,5,5,75
1512215,6,6,2,9,1,1,9,76
1512215,2,10,1,3,7,9,1,77
1512215,5,7,2,3,7,5,5,78
1512215,6,6,1,9,1,1,9,79
1512215,0,12,1,1,9,1,1,80
1512216,2,10,2,1,9,6,2,1
1512216,5,7,2,1,2,2,6,2
1512216,6,6,2,9,1,1,1,3
1512216,1,11,1,2,4,1,2,4
1512216,5,7,2,6,3,2,7,5
1512216,6,6,1,9,1,1,9,6
1512216,1,11,2,1,6,6,3,7
1512216,5,7,1,7,1,2,8,8
1512216,0,12,2,1,9,7,2,9
1512216,2,10,2,2,8,7,1,10
1512216,0,12,2,1,9,9,1,11
1512216,5,7,1,7,1,4,7,12
1512216,1,11,1,4,5,3,3,13
1512216,6,6,1,9,1,1,9,14
1512216,0,12,2,1,9,9,1,15
1512216,6,6,1,9,1,1,9,16
1512216,1,11,2,2,4,8,2,17
1512216,0,12,1,3,4,3,2,18
1512216,2,10,1,2,4,3,2,19
1512216,5,7,1,7,2,3,7,20
1512216,0,12,1,2,2,3,2,21
1512216,6,6,2,7,2,1,9,22
1512216,5,7,2,7,2,1,8,23
1512216,0,12,1,2,3,3,2,24
1512216,5,7,2,6,3,2,7,25
1512216,6,6,2,8,2,1,9,26
1512216,6,6,1,9,1,1,9,27
1512216,2,10,1,3,3,4,2,28
1512216,5,7,2,6,2,3,7,29
1512216,6,6,1,9,1,1,9,30
1512216,2,10,1,2,3,3,2,31
1512216,1,11,2,2,4,6,4,32
1512216,1,11,1,2,3,4,3,33
1512216,0,12,2,1,9,9,1,34
1512216,0,12,1,2,3,4,1,35
1512216,2,10,2,3,4,6,2,36
1512216,5,7,1,7,3,3,7,37
1512216,6,6,2,8,2,1,9,38
1512216,5,7,1,9,1,1,8,39
1512216,6,6,2,8,2,1,9,40
1512216,6,6,2,8,2,1,9,41
1512216,5,7,1,8,2,2,8,42
1512216,1,11,2,2,4,7,2,43
1512216,1,11,1,2,6,3,2,44
1512216,0,12,2,1,9,9,1,45
1512216,6,6,1,8,2,1,9,46
1512216,5,7,1,8,2,1,8,47
1512216,1,11,1,2,7,3,2,48
1512216,0,12,1,2,3,3,1,49
1512216,6,6,1,8,1,1,9,50
1512216,2,10,2,2,5,7,2,51
1512216,1,11,2,2,5,8,2,52
1512216,0,12,2,2,7,9,1,53
1512216,5,7,2,7,2,2,8,54
1512216,2,10,1,2,3,3,2,55
1512216,6,6,2,7,2,1,9,56
1512216,5,7,1,7,2,2,8,57
1512216,0,12,1,2,3,3,2,58
1512216,1,11,1,2,3,3,2,59
1512216,0,12,2,2,7,1,1,60
1512216,6,6,2,7,2,1,9,61
1512216,2,10,2,2,7,6,3,62
1512216,6,6,1,8,1,1,9,63
1512216,6,6,1,8,1,1,9,64
1512216,5,7,2,7,2,2,8,65
1512216,0,12,1,2,4,3,2,66
1512216,5,7,1,8,1,1,9,67
1512216,0,12,2,2,7,9,1,68
1512216,5,7,2,6,3,2,8,69
1512216,5,7,1,7,2,2,8,70
1512216,2,10,1,2,3,3,2,71
1512216,6,6,2,7,2,1,9,72
1512216,2,10,1,2,5,3,2,73
1512216,0,12,1,2,4,3,2,74
1512216,5,7,2,6,3,2,9,75
1512216,6,6,2,6,3,1,9,76
1512216,2,10,2,2,4,7,2,77
1512216,1,11,2,2,7,7,2,78
1512216,6,6,1,8,1,1,9,79
1512216,5,7,2,6,3,1,8,80
