subid,xd,xv,choice,cond,choice_category,trial
1512101,11,1,6,1,4,1
1512101,11,1,2,1,2,2
1512101,11,1,6,2,4,3
1512101,6,6,0,2,1,4
1512101,12,0,6,2,4,5
1512101,7,5,0,1,1,6
1512101,10,2,6,2,4,7
1512101,6,6,0,1,1,8
1512101,7,5,0,2,1,9
1512101,7,5,0,1,1,10
1512101,6,6,0,1,1,11
1512101,11,1,2,2,2,12
1512101,6,6,0,2,1,13
1512101,6,6,0,2,1,14
1512101,12,0,2,1,2,15
1512101,10,2,2,1,2,16
1512101,12,0,2,2,2,17
1512101,7,5,0,2,1,18
1512101,7,5,0,1,1,19
1512101,12,0,2,2,2,20
1512101,10,2,2,2,2,21
1512101,6,6,0,1,1,22
1512101,6,6,0,1,1,23
1512101,12,0,2,1,2,24
1512101,7,5,0,2,1,25
1512101,11,1,2,1,2,26
1512101,12,0,2,2,2,28
1512101,7,5,0,1,1,29
1512101,6,6,0,2,1,30
1512101,7,5,0,2,1,31
1512101,10,2,0,1,1,32
1512101,7,5,0,1,1,33
1512101,6,6,0,1,1,34
1512101,10,2,2,2,2,35
1512101,10,2,2,1,2,36
1512101,6,6,0,2,1,37
1512101,11,1,2,2,2,38
1512101,7,5,0,2,1,39
1512101,12,0,2,1,2,40
1512101,6,6,0,1,1,41
1512101,7,5,0,2,1,42
1512101,7,5,0,1,1,43
1512101,6,6,0,2,1,44
1512101,10,2,2,2,2,45
1512101,11,1,4,1,3,46
1512101,7,5,0,2,1,48
1512101,7,5,0,1,1,49
1512101,12,0,2,2,2,51
1512101,12,0,2,1,2,52
1512101,10,2,2,1,2,53
1512101,10,2,0,2,1,54
1512101,12,0,2,1,2,55
1512101,12,0,2,1,2,56
1512101,12,0,6,2,4,57
1512101,6,6,0,2,1,58
1512101,7,5,0,2,1,59
1512101,12,0,0,2,1,60
1512101,7,5,0,2,1,62
1512101,6,6,0,2,1,63
1512101,10,2,2,1,2,64
1512101,7,5,0,2,1,65
1512101,11,1,0,2,1,66
1512101,6,6,0,1,1,67
1512101,11,1,0,2,1,68
1512101,6,6,0,1,1,69
1512101,12,0,6,2,4,70
1512101,7,5,0,1,1,71
1512101,6,6,0,2,1,72
1512101,11,1,0,1,1,74
1512101,12,0,6,1,4,75
1512101,10,2,0,2,1,76
1512101,6,6,0,2,1,77
1512101,6,6,0,1,1,78
1512101,7,5,0,1,1,79
1512104,10,2,2,2,2,1
1512104,7,5,0,2,1,2
1512104,6,6,0,2,1,3
1512104,11,1,4,1,3,4
1512104,7,5,0,2,1,5
1512104,6,6,0,1,1,6
1512104,11,1,6,2,4,7
1512104,7,5,0,1,1,8
1512104,12,0,4,2,3,9
1512104,10,2,2,2,2,10
1512104,12,0,6,2,4,11
1512104,7,5,0,1,1,12
1512104,11,1,0,1,1,13
1512104,6,6,0,1,1,14
1512104,12,0,2,2,2,15
1512104,6,6,0,1,1,16
1512104,11,1,2,2,2,17
1512104,12,0,0,1,1,18
1512104,10,2,0,1,1,19
1512104,7,5,0,1,1,20
1512104,12,0,0,1,1,21
1512104,6,6,0,2,1,22
1512104,7,5,0,2,1,23
1512104,12,0,0,1,1,24
1512104,7,5,0,2,1,25
1512104,6,6,0,2,1,26
1512104,6,6,0,1,1,27
1512104,10,2,0,1,1,28
1512104,7,5,0,2,1,29
1512104,6,6,0,1,1,30
1512104,10,2,0,1,1,31
1512104,11,1,4,2,3,32
1512104,11,1,0,1,1,33
1512104,12,0,6,2,4,34
1512104,12,0,0,1,1,35
1512104,10,2,4,2,3,36
1512104,7,5,0,1,1,37
1512104,6,6,0,2,1,38
1512104,7,5,0,1,1,39
1512104,6,6,0,2,1,40
1512104,6,6,0,2,1,41
1512104,7,5,0,1,1,42
1512104,11,1,4,2,3,43
1512104,11,1,0,1,1,44
1512104,12,0,6,2,4,45
1512104,6,6,0,1,1,46
1512104,7,5,0,1,1,47
1512104,11,1,0,1,1,48
1512104,12,0,0,1,1,49
1512104,6,6,0,1,1,50
1512104,10,2,4,2,3,51
1512104,11,1,4,2,3,52
1512104,12,0,6,2,4,53
1512104,7,5,0,2,1,54
1512104,10,2,0,1,1,55
1512104,6,6,0,2,1,56
1512104,7,5,0,1,1,57
1512104,12,0,0,1,1,58
1512104,11,1,0,1,1,59
1512104,12,0,6,2,4,60
1512104,6,6,0,2,1,61
1512104,10,2,2,2,2,62
1512104,6,6,0,1,1,63
1512104,6,6,0,1,1,64
1512104,7,5,0,2,1,65
1512104,12,0,0,1,1,66
1512104,7,5,0,1,1,67
1512104,12,0,6,2,4,68
1512104,7,5,0,2,1,69
1512104,7,5,0,1,1,70
1512104,10,2,0,1,1,71
1512104,6,6,0,2,1,72
1512104,10,2,0,1,1,73
1512104,12,0,0,1,1,74
1512104,7,5,0,2,1,75
1512104,6,6,0,2,1,76
1512104,10,2,4,2,3,77
1512104,11,1,4,2,3,78
1512104,6,6,0,1,1,79
1512104,7,5,0,2,1,80
1512105,11,1,2,1,2,1
1512105,11,1,2,1,2,2
1512105,10,2,2,2,2,3
1512105,7,5,0,2,1,4
1512105,11,1,2,2,2,5
1512105,6,6,0,1,1,6
1512105,12,0,4,2,3,7
1512105,7,5,0,1,1,8
1512105,6,6,0,2,1,9
1512105,7,5,0,1,1,10
1512105,6,6,0,1,1,11
1512105,10,2,4,2,3,12
1512105,7,5,2,2,2,13
1512105,6,6,2,2,2,14
1512105,10,2,4,1,3,16
1512105,12,0,4,2,3,17
1512105,7,5,0,2,1,18
1512105,12,0,4,2,3,20
1512105,11,1,2,2,2,21
1512105,7,5,0,1,1,22
1512105,6,6,0,1,1,23
1512105,12,0,4,1,3,24
1512105,7,5,0,2,1,25
1512105,12,0,4,1,3,26
1512105,10,2,2,1,2,27
1512105,11,1,4,2,3,28
1512105,6,6,0,1,1,29
1512105,6,6,0,2,1,30
1512105,7,5,2,2,2,31
1512105,10,2,2,1,2,32
1512105,7,5,0,1,1,33
1512105,7,5,0,1,1,34
1512105,12,0,4,2,3,35
1512105,11,1,6,1,4,36
1512105,6,6,0,2,1,37
1512105,10,2,2,2,2,38
1512105,6,6,0,2,1,39
1512105,12,0,2,1,2,40
1512105,6,6,2,1,2,43
1512105,7,5,0,2,1,44
1512105,11,1,6,2,4,45
1512105,11,1,6,1,4,46
1512105,11,1,6,1,4,47
1512105,6,6,0,2,1,48
1512105,7,5,2,1,2,49
1512105,12,0,2,2,2,50
1512105,10,2,4,2,3,51
1512105,12,0,4,1,3,52
1512105,10,2,4,1,3,53
1512105,11,1,2,2,2,54
1512105,12,0,6,1,4,55
1512105,11,1,6,1,4,56
1512105,12,0,6,2,4,57
1512105,6,6,0,2,1,58
1512105,7,5,0,2,1,59
1512105,12,0,4,2,3,60
1512105,12,0,4,1,3,61
1512105,7,5,0,2,1,62
1512105,6,6,0,2,1,63
1512105,10,2,4,1,3,64
1512105,7,5,0,2,1,65
1512105,10,2,2,2,2,66
1512105,6,6,0,1,1,67
1512105,12,0,6,2,4,68
1512105,7,5,0,1,1,69
1512105,10,2,2,2,2,70
1512105,6,6,0,1,1,71
1512105,6,6,0,2,1,72
1512105,6,6,0,1,1,73
1512105,10,2,2,1,2,74
1512105,12,0,4,1,3,75
1512105,11,1,4,2,3,76
1512105,7,5,0,2,1,77
1512105,7,5,0,1,1,78
1512105,7,5,0,1,1,79
1512105,6,6,0,1,1,80
1512106,10,2,4,2,3,1
1512106,11,1,4,1,3,2
1512106,11,1,4,2,3,3
1512106,12,0,4,2,3,4
1512106,11,1,4,1,3,5
1512106,6,6,0,1,1,6
1512106,7,5,0,2,1,7
1512106,6,6,0,2,1,8
1512106,10,2,2,2,2,9
1512106,7,5,0,2,1,10
1512106,6,6,0,2,1,11
1512106,12,0,4,1,3,12
1512106,7,5,0,1,1,13
1512106,10,2,4,1,3,14
1512106,7,5,0,1,1,15
1512106,7,5,2,2,2,16
1512106,12,0,4,1,3,17
1512106,12,0,4,2,3,18
1512106,12,0,4,1,3,19
1512106,7,5,2,2,2,20
1512106,6,6,0,2,1,21
1512106,12,0,6,2,4,22
1512106,11,1,4,2,3,23
1512106,11,1,4,2,3,24
1512106,7,5,0,2,1,25
1512106,6,6,2,2,2,26
1512106,6,6,0,1,1,27
1512106,10,2,2,1,2,28
1512106,6,6,0,2,1,29
1512106,6,6,0,1,1,30
1512106,7,5,0,1,1,31
1512106,12,0,4,2,3,32
1512106,6,6,0,1,1,33
1512106,10,2,0,1,1,34
1512106,6,6,0,1,1,35
1512106,11,1,4,1,3,36
1512106,12,0,4,1,3,37
1512106,10,2,2,2,2,38
1512106,7,5,0,1,1,39
1512106,7,5,0,1,1,40
1512106,7,5,0,1,1,41
1512106,11,1,2,1,2,42
1512106,6,6,0,2,1,43
1512106,11,1,4,2,3,44
1512106,12,0,6,2,4,45
1512106,11,1,2,1,2,46
1512106,10,2,4,2,3,47
1512106,12,0,4,1,3,48
1512106,6,6,0,1,1,49
1512106,11,1,4,2,3,50
1512106,7,5,0,1,1,51
1512106,12,0,6,2,4,52
1512106,7,5,0,2,1,53
1512106,6,6,0,2,1,54
1512106,10,2,2,1,2,55
1512106,12,0,4,1,3,56
1512106,11,1,4,1,3,57
1512106,6,6,0,1,1,58
1512106,12,0,6,2,4,59
1512106,12,0,6,1,4,60
1512106,6,6,0,2,1,61
1512106,7,5,0,1,1,62
1512106,10,2,4,2,3,63
1512106,7,5,0,2,1,64
1512106,6,6,0,1,1,65
1512106,6,6,0,1,1,66
1512106,12,0,6,2,4,67
1512106,7,5,0,2,1,68
1512106,10,2,2,1,2,69
1512106,10,2,4,2,3,70
1512106,6,6,0,2,1,71
1512106,7,5,0,1,1,72
1512106,7,5,0,1,1,73
1512106,7,5,0,2,1,74
1512106,6,6,0,2,1,75
1512106,10,2,2,1,2,76
1512106,7,5,0,2,1,77
1512106,12,0,4,1,3,78
1512106,11,1,6,2,4,79
1512106,6,6,0,1,1,80
15121107,6,6,0,2,1,1
15121107,11,1,2,2,2,2
15121107,7,5,0,2,1,3
15121107,7,5,0,1,1,4
15121107,12,0,4,2,3,5
15121107,6,6,0,2,1,6
15121107,11,1,4,1,3,7
15121107,6,6,0,1,1,8
15121107,10,2,2,2,2,9
15121107,11,1,4,1,3,10
15121107,11,1,2,2,2,11
15121107,12,0,4,1,3,12
15121107,12,0,2,2,2,13
15121107,10,2,4,1,3,14
15121107,12,0,4,2,3,15
15121107,6,6,0,2,1,16
15121107,7,5,0,1,1,17
15121107,7,5,0,2,1,18
15121107,6,6,0,1,1,19
15121107,12,0,4,1,3,20
15121107,7,5,0,1,1,21
15121107,11,1,2,1,2,22
15121107,7,5,0,2,1,23
15121107,12,0,4,1,3,24
15121107,10,2,2,2,2,25
15121107,6,6,0,2,1,26
15121107,12,0,2,2,2,27
15121107,10,2,2,2,2,28
15121107,6,6,0,1,1,29
15121107,11,1,2,2,2,30
15121107,7,5,0,2,1,31
15121107,6,6,0,2,1,32
15121107,10,2,2,1,2,33
15121107,7,5,0,2,1,34
15121107,10,2,2,1,2,35
15121107,6,6,0,1,1,36
15121107,12,0,4,1,3,37
15121107,7,5,0,1,1,38
15121107,7,5,0,1,1,39
15121107,6,6,0,1,1,40
15121107,6,6,0,1,1,41
15121107,10,2,2,2,2,42
15121107,11,1,4,1,3,43
15121107,7,5,0,1,1,44
15121107,7,5,0,2,1,45
15121107,11,1,2,1,2,46
15121107,11,1,2,2,2,47
15121107,6,6,0,2,1,48
15121107,7,5,0,2,1,49
15121107,12,0,4,2,3,50
15121107,7,5,0,1,1,51
15121107,6,6,0,2,1,52
15121107,6,6,0,1,1,53
15121107,10,2,2,2,2,54
15121107,7,5,0,2,1,55
15121107,12,0,4,1,3,56
15121107,12,0,2,2,2,57
15121107,10,2,2,1,2,58
15121107,12,0,4,1,3,59
15121107,6,6,0,1,1,60
15121107,7,5,0,2,1,61
15121107,12,0,4,1,3,62
15121107,12,0,4,2,3,63
15121107,6,6,0,2,1,64
15121107,7,5,0,1,1,65
15121107,11,1,2,2,2,66
15121107,10,2,2,1,2,67
15121107,6,6,0,1,1,68
15121107,11,1,2,2,2,69
15121107,6,6,0,1,1,70
15121107,10,2,2,1,2,71
15121107,12,0,4,2,3,72
15121107,10,2,2,2,2,73
15121107,7,5,0,1,1,74
15121107,7,5,0,2,1,75
15121107,6,6,0,2,1,76
15121107,11,1,2,1,2,77
15121107,6,6,0,2,1,78
15121107,7,5,0,1,1,79
15121107,12,0,4,1,3,80
1512108,11,1,2,2,2,1
1512108,6,6,0,2,1,2
1512108,7,5,0,2,1,3
1512108,11,1,2,1,2,4
1512108,6,6,0,2,1,5
1512108,7,5,0,1,1,6
1512108,12,0,0,2,1,7
1512108,6,6,0,1,1,8
1512108,10,2,0,2,1,9
1512108,11,1,0,2,1,10
1512108,12,0,0,2,1,11
1512108,7,5,0,1,1,12
1512108,11,1,0,1,1,13
1512108,6,6,0,1,1,14
1512108,12,0,2,2,2,15
1512108,7,5,0,1,1,16
1512108,10,2,0,2,1,17
1512108,12,0,0,1,1,18
1512108,10,2,0,1,1,19
1512108,6,6,0,1,1,20
1512108,12,0,0,1,1,21
1512108,6,6,0,2,1,22
1512108,7,5,0,2,1,23
1512108,11,1,0,1,1,24
1512108,7,5,0,2,1,25
1512108,6,6,0,2,1,26
1512108,6,6,0,1,1,27
1512108,12,0,0,1,1,28
1512108,7,5,0,2,1,29
1512108,7,5,0,1,1,30
1512108,10,2,0,1,1,31
1512108,10,2,0,1,1,33
1512108,10,2,4,2,3,34
1512108,12,0,0,1,1,35
1512108,11,1,2,2,2,36
1512108,7,5,0,1,1,37
1512108,6,6,0,2,1,38
1512108,6,6,0,1,1,39
1512108,7,5,0,2,1,40
1512108,7,5,0,2,1,41
1512108,6,6,0,1,1,42
1512108,10,2,2,2,2,43
1512108,11,1,0,1,1,44
1512108,11,1,2,2,2,45
1512108,7,5,0,1,1,46
1512108,7,5,0,1,1,47
1512108,11,1,0,1,1,48
1512108,12,0,4,1,3,49
1512108,6,6,0,1,1,50
1512108,12,0,2,2,2,51
1512108,10,2,0,2,1,52
1512108,12,0,0,2,1,53
1512108,6,6,0,2,1,54
1512108,10,2,0,1,1,55
1512108,7,5,0,2,1,56
1512108,6,6,0,1,1,57
1512108,12,0,0,1,1,58
1512108,12,0,0,1,1,59
1512108,12,0,0,2,1,60
1512108,6,6,0,2,1,61
1512108,11,1,0,2,1,62
1512108,7,5,0,1,1,63
1512108,6,6,0,1,1,64
1512108,7,5,0,2,1,65
1512108,10,2,0,1,1,66
1512108,6,6,0,1,1,67
1512108,11,1,0,2,1,68
1512108,7,5,0,2,1,69
1512108,7,5,0,1,1,70
1512108,10,2,0,1,1,71
1512108,6,6,0,2,1,72
1512108,11,1,0,1,1,73
1512108,12,0,0,1,1,74
1512108,7,5,0,2,1,75
1512108,6,6,0,2,1,76
1512108,12,0,0,2,1,77
1512108,10,2,0,2,1,78
1512108,7,5,0,1,1,79
1512108,6,6,0,2,1,80
1512110,11,1,2,2,2,1
1512110,11,1,2,1,2,2
1512110,12,0,4,2,3,3
1512110,10,2,2,2,2,4
1512110,11,1,2,1,2,5
1512110,7,5,0,1,1,6
1512110,6,6,0,2,1,7
1512110,7,5,0,2,1,8
1512110,11,1,2,2,2,9
1512110,6,6,0,2,1,10
1512110,6,6,0,2,1,11
1512110,12,0,4,1,3,12
1512110,6,6,0,1,1,13
1512110,10,2,2,1,2,14
1512110,7,5,0,1,1,15
1512110,7,5,0,2,1,16
1512110,12,0,4,1,3,17
1512110,12,0,4,2,3,18
1512110,11,1,2,1,2,19
1512110,7,5,0,2,1,20
1512110,6,6,0,2,1,21
1512110,12,0,2,2,2,22
1512110,10,2,4,2,3,23
1512110,12,0,2,2,2,24
1512110,7,5,0,2,1,25
1512110,6,6,0,2,1,26
1512110,6,6,0,1,1,27
1512110,12,0,2,1,2,28
1512110,7,5,0,2,1,29
1512110,7,5,0,1,1,30
1512110,6,6,0,1,1,31
1512110,10,2,2,2,2,32
1512110,6,6,0,1,1,33
1512110,10,2,2,1,2,34
1512110,7,5,0,1,1,35
1512110,10,2,2,1,2,36
1512110,12,0,4,1,3,37
1512110,11,1,4,2,3,38
1512110,7,5,0,1,1,39
1512110,6,6,0,1,1,40
1512110,6,6,0,1,1,41
1512110,11,1,2,1,2,42
1512110,7,5,0,2,1,43
1512110,10,2,2,2,2,44
1512110,11,1,4,2,3,45
1512110,11,1,2,1,2,46
1512110,12,0,6,2,4,47
1512110,12,0,4,1,3,48
1512110,7,5,0,1,1,49
1512110,10,2,2,2,2,50
1512110,7,5,0,1,1,51
1512110,12,0,4,2,3,52
1512110,6,6,0,2,1,53
1512110,10,2,2,1,2,55
1512110,12,0,4,1,3,56
1512110,12,0,4,1,3,57
1512110,6,6,0,1,1,58
1512110,12,0,2,2,2,59
1512110,10,2,2,1,2,60
1512110,6,6,0,2,1,61
1512110,6,6,0,1,1,62
1512110,11,1,2,2,2,63
1512110,7,5,0,2,1,64
1512110,7,5,0,1,1,65
1512110,6,6,0,1,1,66
1512110,11,1,2,2,2,67
1512110,7,5,0,2,1,68
1512110,10,2,2,1,2,69
1512110,12,0,6,2,4,70
1512110,6,6,2,2,2,71
1512110,6,6,0,1,1,72
1512110,7,5,0,1,1,73
1512110,7,5,0,2,1,74
1512110,6,6,0,2,1,75
1512110,11,1,2,1,2,76
1512110,6,6,0,2,1,77
1512110,12,0,2,1,2,78
1512110,10,2,2,2,2,79
1512110,7,5,0,1,1,80
1512111,7,5,0,2,1,1
1512111,10,2,2,2,2,2
1512111,6,6,0,2,1,3
1512111,6,6,0,1,1,4
1512111,11,1,0,2,1,5
1512111,7,5,0,2,1,6
1512111,11,1,2,1,2,7
1512111,7,5,0,1,1,8
1512111,12,0,2,2,2,9
1512111,11,1,0,1,1,10
1512111,10,2,0,2,1,11
1512111,12,0,2,1,2,12
1512111,12,0,0,2,1,13
1512111,10,2,0,1,1,14
1512111,12,0,2,2,2,15
1512111,6,6,0,2,1,16
1512111,7,5,0,1,1,17
1512111,7,5,0,2,1,18
1512111,6,6,0,1,1,19
1512111,12,0,2,1,2,20
1512111,6,6,0,1,1,21
1512111,12,0,0,1,1,22
1512111,7,5,0,2,1,23
1512111,10,2,0,1,1,24
1512111,11,1,2,2,2,25
1512111,6,6,0,2,1,26
1512111,11,1,0,2,1,27
1512111,12,0,2,2,2,28
1512111,7,5,0,1,1,29
1512111,10,2,0,2,1,30
1512111,7,5,0,2,1,31
1512111,6,6,0,2,1,32
1512111,10,2,0,1,1,33
1512111,6,6,0,2,1,34
1512111,11,1,2,1,2,35
1512111,6,6,0,1,1,36
1512111,12,0,0,1,1,37
1512111,6,6,0,1,1,38
1512111,7,5,0,1,1,39
1512111,7,5,0,1,1,40
1512111,7,5,0,1,1,41
1512111,11,1,2,2,2,42
1512111,11,1,0,1,1,43
1512111,6,6,0,1,1,44
1512111,6,6,0,2,1,45
1512111,11,1,0,1,1,46
1512111,12,0,2,2,2,47
1512111,7,5,0,2,1,48
1512111,6,6,0,2,1,49
1512111,10,2,0,2,1,50
1512111,7,5,0,1,1,51
1512111,6,6,0,2,1,52
1512111,6,6,0,1,1,53
1512111,11,1,2,2,2,54
1512111,7,5,0,2,1,55
1512111,12,0,0,1,1,56
1512111,12,0,2,2,2,57
1512111,10,2,0,1,1,58
1512111,12,0,0,1,1,59
1512111,7,5,0,1,1,60
1512111,7,5,0,2,1,61
1512111,11,1,2,1,2,62
1512111,12,0,0,2,1,63
1512111,6,6,0,2,1,64
1512111,6,6,0,1,1,65
1512111,10,2,0,2,1,66
1512111,12,0,2,1,2,67
1512111,6,6,0,1,1,68
1512111,12,0,0,2,1,69
1512111,7,5,0,1,1,70
1512111,10,2,0,1,1,71
1512111,10,2,2,2,2,72
1512111,11,1,0,2,1,73
1512111,7,5,0,1,1,74
1512111,7,5,0,2,1,75
1512111,6,6,0,2,1,76
1512111,10,2,0,1,1,77
1512111,7,5,0,2,1,78
1512111,6,6,0,1,1,79
1512111,12,0,2,1,2,80
1512113,11,1,2,1,2,1
1512113,11,1,2,1,2,2
1512113,10,2,2,2,2,3
1512113,7,5,0,2,1,4
1512113,11,1,2,2,2,5
1512113,6,6,0,1,1,6
1512113,12,0,4,2,3,7
1512113,7,5,0,1,1,8
1512113,6,6,0,2,1,9
1512113,7,5,0,1,1,10
1512113,6,6,0,1,1,11
1512113,10,2,2,2,2,12
1512113,7,5,0,2,1,13
1512113,6,6,0,2,1,14
1512113,12,0,4,1,3,15
1512113,10,2,2,1,2,16
1512113,12,0,4,2,3,17
1512113,7,5,0,2,1,18
1512113,6,6,0,1,1,19
1512113,12,0,4,2,3,20
1512113,11,1,2,2,2,21
1512113,7,5,0,1,1,22
1512113,6,6,0,1,1,23
1512113,12,0,4,1,3,24
1512113,7,5,0,2,1,25
1512113,12,0,4,1,3,26
1512113,10,2,2,1,2,27
1512113,11,1,2,2,2,28
1512113,6,6,0,1,1,29
1512113,6,6,0,2,1,30
1512113,7,5,0,2,1,31
1512113,10,2,2,1,2,32
1512113,7,5,0,1,1,33
1512113,7,5,0,1,1,34
1512113,12,0,4,2,3,35
1512113,11,1,2,1,2,36
1512113,6,6,0,2,1,37
1512113,10,2,2,2,2,38
1512113,6,6,0,2,1,39
1512113,12,0,4,1,3,40
1512113,7,5,0,1,1,41
1512113,6,6,0,2,1,42
1512113,6,6,0,1,1,43
1512113,7,5,0,2,1,44
1512113,11,1,2,2,2,45
1512113,11,1,2,1,2,46
1512113,11,1,4,1,3,47
1512113,6,6,0,2,1,48
1512113,7,5,0,1,1,49
1512113,12,0,4,2,3,50
1512113,10,2,2,2,2,51
1512113,12,0,4,1,3,52
1512113,10,2,2,1,2,53
1512113,11,1,2,2,2,54
1512113,12,0,4,1,3,55
1512113,11,1,2,1,2,56
1512113,12,0,4,2,3,57
1512113,6,6,0,2,1,58
1512113,7,5,0,2,1,59
1512113,12,0,4,2,3,60
1512113,12,0,4,1,3,61
1512113,7,5,0,2,1,62
1512113,6,6,0,2,1,63
1512113,10,2,2,1,2,64
1512113,7,5,0,2,1,65
1512113,10,2,2,2,2,66
1512113,6,6,0,1,1,67
1512113,12,0,4,2,3,68
1512113,7,5,0,1,1,69
1512113,10,2,2,2,2,70
1512113,6,6,0,1,1,71
1512113,6,6,0,2,1,72
1512113,6,6,0,1,1,73
1512113,10,2,2,1,2,74
1512113,12,0,4,1,3,75
1512113,11,1,2,2,2,76
1512113,7,5,0,2,1,77
1512113,7,5,0,1,1,78
1512113,7,5,0,1,1,79
1512113,6,6,0,1,1,80
1512114,10,2,0,2,1,1
1512114,11,1,0,1,1,2
1512114,11,1,0,2,1,3
1512114,12,0,2,2,2,4
1512114,11,1,0,1,1,5
1512114,6,6,0,1,1,6
1512114,7,5,0,2,1,7
1512114,6,6,0,2,1,8
1512114,10,2,0,2,1,9
1512114,7,5,0,2,1,10
1512114,6,6,0,2,1,11
1512114,12,0,2,1,2,12
1512114,7,5,0,1,1,13
1512114,10,2,0,1,1,14
1512114,7,5,0,1,1,15
1512114,12,0,0,1,1,17
1512114,12,0,0,2,1,18
1512114,12,0,0,1,1,19
1512114,7,5,0,2,1,20
1512114,6,6,0,2,1,21
1512114,12,0,2,2,2,22
1512114,11,1,0,2,1,23
1512114,11,1,0,2,1,24
1512114,7,5,0,2,1,25
1512114,6,6,0,2,1,26
1512114,6,6,0,1,1,27
1512114,10,2,0,1,1,28
1512114,6,6,0,2,1,29
1512114,6,6,0,1,1,30
1512114,7,5,0,1,1,31
1512114,12,0,2,2,2,32
1512114,6,6,0,1,1,33
1512114,10,2,0,1,1,34
1512114,6,6,0,1,1,35
1512114,11,1,0,1,1,36
1512114,12,0,0,1,1,37
1512114,10,2,0,2,1,38
1512114,7,5,0,1,1,39
1512114,7,5,0,1,1,40
1512114,7,5,0,1,1,41
1512114,11,1,0,1,1,42
1512114,6,6,0,2,1,43
1512114,11,1,0,2,1,44
1512114,12,0,2,2,2,45
1512114,11,1,0,1,1,46
1512114,10,2,0,2,1,47
1512114,12,0,2,1,2,48
1512114,6,6,0,1,1,49
1512114,11,1,0,2,1,50
1512114,7,5,0,1,1,51
1512114,12,0,2,2,2,52
1512114,7,5,0,2,1,53
1512114,6,6,0,2,1,54
1512114,10,2,0,1,1,55
1512114,12,0,0,1,1,56
1512114,11,1,0,1,1,57
1512114,6,6,0,1,1,58
1512114,12,0,2,2,2,59
1512114,12,0,0,1,1,60
1512114,6,6,0,2,1,61
1512114,7,5,0,1,1,62
1512114,10,2,0,2,1,63
1512114,7,5,0,2,1,64
1512114,6,6,0,1,1,65
1512114,6,6,0,1,1,66
1512114,12,0,2,2,2,67
1512114,7,5,0,2,1,68
1512114,10,2,0,1,1,69
1512114,10,2,0,2,1,70
1512114,6,6,0,2,1,71
1512114,7,5,0,1,1,72
1512114,7,5,0,1,1,73
1512114,7,5,0,2,1,74
1512114,6,6,0,2,1,75
1512114,10,2,0,1,1,76
1512114,7,5,0,2,1,77
1512114,12,0,2,1,2,78
1512114,11,1,0,2,1,79
1512114,6,6,0,1,1,80
1512115,6,6,0,2,1,1
1512115,11,1,4,2,3,2
1512115,7,5,0,2,1,3
1512115,7,5,0,1,1,4
1512115,12,0,6,2,4,5
1512115,6,6,0,2,1,6
1512115,11,1,4,1,3,7
1512115,6,6,0,1,1,8
1512115,10,2,2,2,2,9
1512115,11,1,4,1,3,10
1512115,11,1,4,2,3,11
1512115,12,0,4,1,3,12
1512115,12,0,6,2,4,13
1512115,10,2,2,1,2,14
1512115,12,0,4,2,3,15
1512115,6,6,0,2,1,16
1512115,7,5,0,1,1,17
1512115,7,5,2,2,2,18
1512115,6,6,0,1,1,19
1512115,12,0,6,1,4,20
1512115,7,5,0,1,1,21
1512115,11,1,4,1,3,22
1512115,7,5,0,2,1,23
1512115,12,0,6,1,4,24
1512115,10,2,4,2,3,25
1512115,6,6,0,2,1,26
1512115,12,0,4,2,3,27
1512115,10,2,4,2,3,28
1512115,6,6,0,1,1,29
1512115,11,1,4,2,3,30
1512115,7,5,0,2,1,31
1512115,6,6,0,2,1,32
1512115,10,2,4,1,3,33
1512115,7,5,0,2,1,34
1512115,10,2,2,1,2,35
1512115,6,6,0,1,1,36
1512115,12,0,0,1,1,37
1512115,7,5,0,1,1,38
1512115,7,5,0,1,1,39
1512115,6,6,0,1,1,40
1512115,6,6,0,1,1,41
1512115,10,2,2,2,2,42
1512115,11,1,0,1,1,43
1512115,7,5,0,1,1,44
1512115,7,5,0,2,1,45
1512115,11,1,4,1,3,46
1512115,11,1,4,2,3,47
1512115,6,6,0,2,1,48
1512115,7,5,2,2,2,49
1512115,12,0,4,2,3,50
1512115,7,5,0,1,1,51
1512115,6,6,0,2,1,52
1512115,6,6,0,1,1,53
1512115,10,2,0,2,1,54
1512115,7,5,2,2,2,55
1512115,12,0,4,1,3,56
1512115,12,0,2,2,2,57
1512115,10,2,2,1,2,58
1512115,12,0,4,1,3,59
1512115,6,6,2,1,2,60
1512115,7,5,0,2,1,61
1512115,12,0,2,1,2,62
1512115,12,0,6,2,4,63
1512115,6,6,0,2,1,64
1512115,7,5,2,1,2,65
1512115,11,1,2,2,2,66
1512115,10,2,0,1,1,67
1512115,11,1,2,2,2,69
1512115,6,6,0,1,1,70
1512115,10,2,2,1,2,71
1512115,12,0,4,2,3,72
1512115,10,2,2,2,2,73
1512115,7,5,0,1,1,74
1512115,7,5,0,2,1,75
1512115,6,6,0,2,1,76
1512115,11,1,4,1,3,77
1512115,6,6,0,2,1,78
1512115,7,5,4,1,3,79
1512115,12,0,6,1,4,80
1512116,11,1,4,2,3,1
1512116,6,6,0,2,1,2
1512116,7,5,0,2,1,3
1512116,11,1,2,1,2,4
1512116,6,6,0,2,1,5
1512116,7,5,0,1,1,6
1512116,12,0,6,2,4,7
1512116,6,6,0,1,1,8
1512116,10,2,2,2,2,9
1512116,11,1,4,2,3,10
1512116,12,0,4,2,3,11
1512116,7,5,0,1,1,12
1512116,11,1,2,1,2,13
1512116,6,6,0,1,1,14
1512116,12,0,4,2,3,15
1512116,7,5,0,1,1,16
1512116,10,2,4,2,3,17
1512116,12,0,2,1,2,18
1512116,10,2,2,1,2,19
1512116,6,6,0,1,1,20
1512116,12,0,2,1,2,21
1512116,6,6,0,2,1,22
1512116,7,5,0,2,1,23
1512116,11,1,2,1,2,24
1512116,7,5,0,2,1,25
1512116,6,6,0,2,1,26
1512116,6,6,0,1,1,27
1512116,12,0,2,1,2,28
1512116,7,5,0,2,1,29
1512116,7,5,0,1,1,30
1512116,10,2,2,1,2,31
1512116,12,0,6,2,4,32
1512116,10,2,2,1,2,33
1512116,10,2,4,2,3,34
1512116,12,0,2,1,2,35
1512116,11,1,4,2,3,36
1512116,7,5,0,1,1,37
1512116,6,6,0,2,1,38
1512116,6,6,0,1,1,39
1512116,7,5,0,2,1,40
1512116,7,5,0,2,1,41
1512116,6,6,0,1,1,42
1512116,10,2,4,2,3,43
1512116,11,1,2,1,2,44
1512116,11,1,4,2,3,45
1512116,7,5,0,1,1,46
1512116,7,5,0,1,1,47
1512116,11,1,2,1,2,48
1512116,12,0,2,1,2,49
1512116,6,6,0,1,1,50
1512116,12,0,4,2,3,51
1512116,10,2,4,2,3,52
1512116,12,0,4,2,3,53
1512116,6,6,0,2,1,54
1512116,10,2,2,1,2,55
1512116,7,5,0,2,1,56
1512116,6,6,0,1,1,57
1512116,12,0,2,1,2,58
1512116,12,0,2,1,2,59
1512116,12,0,4,2,3,60
1512116,6,6,0,2,1,61
1512116,11,1,4,2,3,62
1512116,7,5,0,1,1,63
1512116,6,6,0,1,1,64
1512116,7,5,0,2,1,65
1512116,10,2,2,1,2,66
1512116,6,6,0,1,1,67
1512116,11,1,4,2,3,68
1512116,7,5,0,2,1,69
1512116,7,5,0,1,1,70
1512116,10,2,2,1,2,71
1512116,6,6,0,2,1,72
1512116,11,1,2,1,2,73
1512116,12,0,4,1,3,74
1512116,7,5,0,2,1,75
1512116,6,6,0,2,1,76
1512116,12,0,4,2,3,77
1512116,10,2,4,2,3,78
1512116,7,5,0,1,1,79
1512116,6,6,0,2,1,80
1512201,11,1,2,1,2,1
1512201,11,1,2,1,2,2
1512201,10,2,0,2,1,3
1512201,7,5,0,2,1,4
1512201,11,1,2,2,2,5
1512201,6,6,0,1,1,6
1512201,12,0,2,2,2,7
1512201,7,5,0,1,1,8
1512201,6,6,0,2,1,9
1512201,7,5,0,1,1,10
1512201,6,6,0,1,1,11
1512201,10,2,2,2,2,12
1512201,7,5,0,2,1,13
1512201,6,6,0,2,1,14
1512201,12,0,4,1,3,15
1512201,10,2,2,1,2,16
1512201,12,0,2,2,2,17
1512201,7,5,0,2,1,18
1512201,6,6,0,1,1,19
1512201,12,0,2,2,2,20
1512201,11,1,0,2,1,21
1512201,7,5,0,1,1,22
1512201,6,6,0,1,1,23
1512201,12,0,2,1,2,24
1512201,7,5,0,2,1,25
1512201,12,0,2,1,2,26
1512201,10,2,0,1,1,27
1512201,11,1,0,2,1,28
1512201,6,6,0,1,1,29
1512201,6,6,0,2,1,30
1512201,7,5,0,2,1,31
1512201,10,2,0,1,1,32
1512201,7,5,0,1,1,33
1512201,7,5,0,1,1,34
1512201,12,0,4,2,3,35
1512201,11,1,0,1,1,36
1512201,6,6,0,2,1,37
1512201,10,2,0,2,1,38
1512201,6,6,0,2,1,39
1512201,12,0,2,1,2,40
1512201,7,5,0,1,1,41
1512201,6,6,0,2,1,42
1512201,6,6,0,1,1,43
1512201,7,5,0,2,1,44
1512201,11,1,2,2,2,45
1512201,11,1,0,1,1,46
1512201,11,1,0,1,1,47
1512201,6,6,0,2,1,48
1512201,7,5,0,1,1,49
1512201,12,0,2,2,2,50
1512201,10,2,2,2,2,51
1512201,12,0,2,1,2,52
1512201,10,2,2,1,2,53
1512201,11,1,0,2,1,54
1512201,12,0,2,1,2,55
1512201,11,1,2,1,2,56
1512201,12,0,2,2,2,57
1512201,6,6,0,2,1,58
1512201,7,5,0,2,1,59
1512201,12,0,2,2,2,60
1512201,12,0,2,1,2,61
1512201,7,5,0,2,1,62
1512201,6,6,0,2,1,63
1512201,10,2,0,1,1,64
1512201,7,5,0,2,1,65
1512201,10,2,0,2,1,66
1512201,6,6,0,1,1,67
1512201,12,0,2,2,2,68
1512201,7,5,0,1,1,69
1512201,10,2,2,2,2,70
1512201,6,6,0,1,1,71
1512201,6,6,0,2,1,72
1512201,6,6,0,1,1,73
1512201,10,2,0,1,1,74
1512201,12,0,2,1,2,75
1512201,11,1,2,2,2,76
1512201,7,5,0,2,1,77
1512201,7,5,0,1,1,78
1512201,7,5,0,1,1,79
1512201,6,6,0,1,1,80
1512202,10,2,0,2,1,1
1512202,11,1,0,1,1,2
1512202,11,1,0,2,1,3
1512202,12,0,2,2,2,4
1512202,11,1,0,1,1,5
1512202,6,6,0,1,1,6
1512202,7,5,0,2,1,7
1512202,6,6,0,2,1,8
1512202,10,2,0,2,1,9
1512202,7,5,0,2,1,10
1512202,6,6,0,2,1,11
1512202,12,0,0,1,1,12
1512202,7,5,0,1,1,13
1512202,10,2,0,1,1,14
1512202,7,5,0,1,1,15
1512202,7,5,0,2,1,16
1512202,12,0,0,1,1,17
1512202,12,0,2,2,2,18
1512202,12,0,0,1,1,19
1512202,7,5,0,2,1,20
1512202,6,6,0,2,1,21
1512202,12,0,2,2,2,22
1512202,11,1,0,2,1,23
1512202,11,1,0,2,1,24
1512202,7,5,0,2,1,25
1512202,6,6,0,2,1,26
1512202,6,6,0,1,1,27
1512202,10,2,0,1,1,28
1512202,6,6,0,2,1,29
1512202,6,6,0,1,1,30
1512202,7,5,0,1,1,31
1512202,12,0,2,2,2,32
1512202,6,6,0,1,1,33
1512202,10,2,0,1,1,34
1512202,6,6,0,1,1,35
1512202,11,1,0,1,1,36
1512202,12,0,0,1,1,37
1512202,10,2,0,2,1,38
1512202,7,5,0,1,1,39
1512202,7,5,0,1,1,40
1512202,7,5,0,1,1,41
1512202,11,1,0,1,1,42
1512202,6,6,0,2,1,43
1512202,11,1,0,2,1,44
1512202,12,0,2,2,2,45
1512202,11,1,0,1,1,46
1512202,10,2,0,2,1,47
1512202,12,0,0,1,1,48
1512202,6,6,0,1,1,49
1512202,11,1,0,2,1,50
1512202,7,5,0,1,1,51
1512202,12,0,2,2,2,52
1512202,7,5,0,2,1,53
1512202,6,6,0,2,1,54
1512202,10,2,0,1,1,55
1512202,12,0,0,1,1,56
1512202,11,1,0,1,1,57
1512202,6,6,0,1,1,58
1512202,12,0,2,2,2,59
1512202,12,0,0,1,1,60
1512202,6,6,0,2,1,61
1512202,7,5,0,1,1,62
1512202,10,2,0,2,1,63
1512202,7,5,0,2,1,64
1512202,6,6,0,1,1,65
1512202,6,6,0,1,1,66
1512202,12,0,2,2,2,67
1512202,7,5,0,2,1,68
1512202,10,2,0,1,1,69
1512202,10,2,0,2,1,70
1512202,6,6,0,2,1,71
1512202,7,5,0,1,1,72
1512202,7,5,0,1,1,73
1512202,7,5,0,2,1,74
1512202,6,6,0,2,1,75
1512202,10,2,0,1,1,76
1512202,7,5,0,2,1,77
1512202,12,0,0,1,1,78
1512202,11,1,0,2,1,79
1512202,6,6,0,1,1,80
1512203,6,6,0,2,1,1
1512203,11,1,0,2,1,2
1512203,7,5,0,2,1,3
1512203,7,5,0,1,1,4
1512203,12,0,2,2,2,5
1512203,6,6,0,2,1,6
1512203,11,1,0,1,1,7
1512203,6,6,0,1,1,8
1512203,10,2,0,2,1,9
1512203,11,1,0,1,1,10
1512203,11,1,0,2,1,11
1512203,12,0,2,1,2,12
1512203,12,0,2,2,2,13
1512203,10,2,0,1,1,14
1512203,12,0,2,2,2,15
1512203,6,6,0,2,1,16
1512203,7,5,0,1,1,17
1512203,7,5,0,2,1,18
1512203,6,6,0,1,1,19
1512203,12,0,2,1,2,20
1512203,7,5,0,1,1,21
1512203,11,1,0,1,1,22
1512203,7,5,0,2,1,23
1512203,12,0,2,1,2,24
1512203,10,2,0,2,1,25
1512203,6,6,0,2,1,26
1512203,12,0,2,2,2,27
1512203,10,2,0,2,1,28
1512203,6,6,0,1,1,29
1512203,11,1,0,2,1,30
1512203,7,5,0,2,1,31
1512203,6,6,0,2,1,32
1512203,10,2,0,1,1,33
1512203,7,5,0,2,1,34
1512203,10,2,0,1,1,35
1512203,6,6,0,1,1,36
1512203,12,0,2,1,2,37
1512203,7,5,0,1,1,38
1512203,7,5,0,1,1,39
1512203,6,6,0,1,1,40
1512203,6,6,0,1,1,41
1512203,10,2,0,2,1,42
1512203,11,1,0,1,1,43
1512203,7,5,0,1,1,44
1512203,7,5,0,2,1,45
1512203,11,1,0,1,1,46
1512203,11,1,0,2,1,47
1512203,6,6,0,2,1,48
1512203,7,5,0,2,1,49
1512203,12,0,2,2,2,50
1512203,7,5,0,1,1,51
1512203,6,6,0,2,1,52
1512203,6,6,0,1,1,53
1512203,10,2,0,2,1,54
1512203,7,5,0,2,1,55
1512203,12,0,2,1,2,56
1512203,12,0,2,2,2,57
1512203,10,2,0,1,1,58
1512203,12,0,2,1,2,59
1512203,6,6,0,1,1,60
1512203,7,5,0,2,1,61
1512203,12,0,2,1,2,62
1512203,12,0,0,2,1,63
1512203,6,6,0,2,1,64
1512203,7,5,0,1,1,65
1512203,11,1,0,2,1,66
1512203,10,2,0,1,1,67
1512203,6,6,0,1,1,68
1512203,11,1,0,2,1,69
1512203,6,6,0,1,1,70
1512203,10,2,0,1,1,71
1512203,12,0,2,2,2,72
1512203,10,2,0,2,1,73
1512203,7,5,0,1,1,74
1512203,7,5,0,2,1,75
1512203,6,6,0,2,1,76
1512203,11,1,0,1,1,77
1512203,6,6,0,2,1,78
1512203,7,5,0,1,1,79
1512203,12,0,2,1,2,80
1512204,11,1,4,2,3,1
1512204,6,6,0,2,1,2
1512204,7,5,0,2,1,3
1512204,11,1,4,1,3,4
1512204,6,6,0,2,1,5
1512204,7,5,0,1,1,6
1512204,12,0,4,2,3,7
1512204,6,6,0,1,1,8
1512204,10,2,2,2,2,9
1512204,11,1,4,2,3,10
1512204,12,0,6,2,4,11
1512204,7,5,0,1,1,12
1512204,11,1,4,1,3,13
1512204,6,6,0,1,1,14
1512204,12,0,4,2,3,15
1512204,7,5,0,1,1,16
1512204,10,2,2,2,2,17
1512204,12,0,6,1,4,18
1512204,10,2,2,1,2,19
1512204,6,6,0,1,1,20
1512204,12,0,4,1,3,21
1512204,6,6,0,2,1,22
1512204,7,5,0,2,1,23
1512204,11,1,4,1,3,24
1512204,7,5,0,2,1,25
1512204,6,6,0,2,1,26
1512204,6,6,0,1,1,27
1512204,12,0,4,1,3,28
1512204,7,5,0,2,1,29
1512204,7,5,0,1,1,30
1512204,10,2,4,1,3,31
1512204,12,0,4,2,3,32
1512204,10,2,2,1,2,33
1512204,10,2,4,2,3,34
1512204,12,0,6,1,4,35
1512204,11,1,4,2,3,36
1512204,7,5,0,1,1,37
1512204,6,6,0,2,1,38
1512204,6,6,0,1,1,39
1512204,7,5,0,2,1,40
1512204,7,5,0,2,1,41
1512204,6,6,0,1,1,42
1512204,10,2,4,2,3,43
1512204,11,1,4,1,3,44
1512204,11,1,4,2,3,45
1512204,7,5,0,1,1,46
1512204,7,5,0,1,1,47
1512204,11,1,4,1,3,48
1512204,12,0,6,1,4,49
1512204,6,6,0,1,1,50
1512204,12,0,4,2,3,51
1512204,10,2,4,2,3,52
1512204,12,0,2,2,2,53
1512204,6,6,0,2,1,54
1512204,10,2,4,1,3,55
1512204,7,5,0,2,1,56
1512204,6,6,0,1,1,57
1512204,12,0,4,1,3,58
1512204,12,0,6,1,4,59
1512204,12,0,2,2,2,60
1512204,6,6,0,2,1,61
1512204,11,1,4,2,3,62
1512204,7,5,2,1,2,63
1512204,6,6,0,1,1,64
1512204,7,5,0,2,1,65
1512204,10,2,2,1,2,66
1512204,6,6,0,1,1,67
1512204,11,1,4,2,3,68
1512204,7,5,0,2,1,69
1512204,7,5,0,1,1,70
1512204,10,2,4,1,3,71
1512204,6,6,0,2,1,72
1512204,11,1,4,1,3,73
1512204,12,0,6,1,4,74
1512204,7,5,0,2,1,75
1512204,6,6,0,2,1,76
1512204,12,0,6,2,4,77
1512204,10,2,2,2,2,78
1512204,7,5,0,1,1,79
1512204,6,6,0,2,1,80
15121205,11,1,0,1,1,1
15121205,11,1,0,1,1,2
15121205,11,1,0,2,1,3
15121205,6,6,0,2,1,4
15121205,12,0,0,2,1,5
15121205,7,5,0,1,1,6
15121205,10,2,0,2,1,7
15121205,6,6,0,1,1,8
15121205,7,5,0,2,1,9
15121205,7,5,0,1,1,10
15121205,6,6,0,1,1,11
15121205,11,1,0,2,1,12
15121205,6,6,0,2,1,13
15121205,6,6,0,2,1,14
15121205,12,0,0,1,1,15
15121205,10,2,0,1,1,16
15121205,12,0,0,2,1,17
15121205,7,5,0,2,1,18
15121205,7,5,0,1,1,19
15121205,12,0,0,2,1,20
15121205,10,2,0,2,1,21
15121205,6,6,0,1,1,22
15121205,6,6,0,1,1,23
15121205,12,0,0,1,1,24
15121205,7,5,0,2,1,25
15121205,11,1,0,1,1,26
15121205,12,0,0,1,1,27
15121205,12,0,0,2,1,28
15121205,6,6,0,2,1,30
15121205,7,5,0,2,1,31
15121205,10,2,0,1,1,32
15121205,7,5,0,1,1,33
15121205,6,6,0,1,1,34
15121205,10,2,0,2,1,35
15121205,10,2,0,1,1,36
15121205,6,6,0,2,1,37
15121205,11,1,0,2,1,38
15121205,7,5,0,2,1,39
15121205,12,0,0,1,1,40
15121205,6,6,0,1,1,41
15121205,7,5,0,2,1,42
15121205,7,5,0,1,1,43
15121205,6,6,0,2,1,44
15121205,10,2,2,2,2,45
15121205,11,1,2,1,2,47
15121205,7,5,0,2,1,48
15121205,7,5,0,1,1,49
15121205,11,1,4,2,3,50
15121205,12,0,4,2,3,51
15121205,12,0,4,1,3,52
15121205,10,2,2,1,2,53
15121205,10,2,2,2,2,54
15121205,12,0,6,1,4,56
15121205,12,0,6,2,4,57
15121205,6,6,0,2,1,58
15121205,7,5,0,2,1,59
15121205,12,0,6,2,4,60
15121205,10,2,0,1,1,61
15121205,7,5,0,2,1,62
15121205,6,6,0,2,1,63
15121205,10,2,4,1,3,64
15121205,7,5,0,2,1,65
15121205,11,1,6,2,4,66
15121205,6,6,0,1,1,67
15121205,6,6,0,1,1,69
15121205,12,0,6,2,4,70
15121205,7,5,0,1,1,71
15121205,6,6,0,2,1,72
15121205,6,6,0,1,1,73
15121205,11,1,0,1,1,74
15121205,12,0,6,1,4,75
15121205,10,2,4,2,3,76
15121205,6,6,0,2,1,77
15121205,6,6,0,1,1,78
15121205,7,5,0,1,1,79
15121205,7,5,0,1,1,80
15121206,11,1,0,2,1,1
15121206,11,1,0,1,1,2
15121206,12,0,2,2,2,3
15121206,10,2,0,2,1,4
15121206,11,1,0,1,1,5
15121206,7,5,0,1,1,6
15121206,6,6,0,2,1,7
15121206,7,5,0,2,1,8
15121206,11,1,2,2,2,9
15121206,6,6,0,2,1,10
15121206,6,6,0,2,1,11
15121206,12,0,2,1,2,12
15121206,6,6,0,1,1,13
15121206,10,2,0,1,1,14
15121206,7,5,0,1,1,15
15121206,7,5,0,2,1,16
15121206,12,0,2,1,2,17
15121206,12,0,2,2,2,18
15121206,11,1,0,1,1,19
15121206,7,5,0,2,1,20
15121206,6,6,0,2,1,21
15121206,12,0,2,2,2,22
15121206,10,2,0,2,1,23
15121206,12,0,2,2,2,24
15121206,7,5,0,2,1,25
15121206,6,6,0,2,1,26
15121206,6,6,0,1,1,27
15121206,12,0,2,1,2,28
15121206,7,5,0,2,1,29
15121206,7,5,0,1,1,30
15121206,6,6,0,1,1,31
15121206,10,2,0,2,1,32
15121206,6,6,0,1,1,33
15121206,10,2,0,1,1,34
15121206,7,5,0,1,1,35
15121206,10,2,0,1,1,36
15121206,12,0,2,1,2,37
15121206,11,1,0,2,1,38
15121206,7,5,0,1,1,39
15121206,6,6,0,1,1,40
15121206,6,6,0,1,1,41
15121206,11,1,0,1,1,42
15121206,7,5,0,2,1,43
15121206,10,2,0,2,1,44
15121206,11,1,0,2,1,45
15121206,11,1,0,1,1,46
15121206,12,0,2,2,2,47
15121206,12,0,2,1,2,48
15121206,7,5,0,1,1,49
15121206,10,2,0,2,1,50
15121206,7,5,0,1,1,51
15121206,12,0,2,2,2,52
15121206,6,6,0,2,1,53
15121206,7,5,0,2,1,54
15121206,10,2,0,1,1,55
15121206,12,0,2,1,2,56
15121206,12,0,2,1,2,57
15121206,6,6,0,1,1,58
15121206,12,0,2,2,2,59
15121206,10,2,0,1,1,60
15121206,6,6,0,2,1,61
15121206,6,6,0,1,1,62
15121206,11,1,0,2,1,63
15121206,7,5,0,2,1,64
15121206,7,5,0,1,1,65
15121206,6,6,0,1,1,66
15121206,11,1,2,2,2,67
15121206,7,5,0,2,1,68
15121206,10,2,0,1,1,69
15121206,12,0,2,2,2,70
15121206,6,6,0,2,1,71
15121206,6,6,0,1,1,72
15121206,7,5,0,1,1,73
15121206,7,5,0,2,1,74
15121206,6,6,0,2,1,75
15121206,11,1,0,1,1,76
15121206,6,6,0,2,1,77
15121206,12,0,2,1,2,78
15121206,10,2,0,2,1,79
15121206,7,5,0,1,1,80
15121207,7,5,0,2,1,1
15121207,10,2,2,2,2,2
15121207,6,6,0,2,1,3
15121207,6,6,0,1,1,4
15121207,11,1,2,2,2,5
15121207,7,5,0,2,1,6
15121207,11,1,2,1,2,7
15121207,7,5,0,1,1,8
15121207,12,0,4,2,3,9
15121207,11,1,2,1,2,10
15121207,10,2,2,2,2,11
15121207,12,0,4,1,3,12
15121207,12,0,4,2,3,13
15121207,10,2,2,1,2,14
15121207,12,0,4,2,3,15
15121207,6,6,0,2,1,16
15121207,7,5,0,1,1,17
15121207,7,5,0,2,1,18
15121207,6,6,0,1,1,19
15121207,12,0,4,1,3,20
15121207,6,6,0,1,1,21
15121207,12,0,4,1,3,22
15121207,7,5,0,2,1,23
15121207,10,2,2,1,2,24
15121207,11,1,2,2,2,25
15121207,6,6,0,2,1,26
15121207,11,1,2,2,2,27
15121207,12,0,4,2,3,28
15121207,7,5,0,1,1,29
15121207,10,2,2,2,2,30
15121207,7,5,0,2,1,31
15121207,6,6,0,2,1,32
15121207,10,2,2,1,2,33
15121207,6,6,0,2,1,34
15121207,11,1,2,1,2,35
15121207,6,6,0,1,1,36
15121207,12,0,4,1,3,37
15121207,6,6,0,1,1,38
15121207,7,5,0,1,1,39
15121207,7,5,0,1,1,40
15121207,7,5,0,1,1,41
15121207,11,1,2,2,2,42
15121207,11,1,2,1,2,43
15121207,6,6,0,1,1,44
15121207,6,6,0,2,1,45
15121207,11,1,2,1,2,46
15121207,12,0,4,2,3,47
15121207,7,5,0,2,1,48
15121207,6,6,0,2,1,49
15121207,10,2,2,2,2,50
15121207,7,5,0,1,1,51
15121207,6,6,0,2,1,52
15121207,6,6,0,1,1,53
15121207,11,1,2,2,2,54
15121207,7,5,0,2,1,55
15121207,12,0,4,1,3,56
15121207,12,0,4,2,3,57
15121207,10,2,2,1,2,58
15121207,12,0,4,1,3,59
15121207,7,5,0,1,1,60
15121207,7,5,0,2,1,61
15121207,11,1,2,1,2,62
15121207,12,0,4,2,3,63
15121207,6,6,0,2,1,64
15121207,6,6,0,1,1,65
15121207,10,2,2,2,2,66
15121207,12,0,4,1,3,67
15121207,6,6,0,1,1,68
15121207,12,0,6,2,4,69
15121207,7,5,0,1,1,70
15121207,10,2,2,1,2,71
15121207,10,2,2,2,2,72
15121207,11,1,2,2,2,73
15121207,7,5,0,1,1,74
15121207,7,5,0,2,1,75
15121207,6,6,0,2,1,76
15121207,10,2,2,1,2,77
15121207,7,5,0,2,1,78
15121207,6,6,0,1,1,79
15121207,12,0,4,1,3,80
1512208,10,2,0,2,1,1
1512208,7,5,0,2,1,2
1512208,6,6,0,2,1,3
1512208,11,1,2,1,2,4
1512208,7,5,0,2,1,5
1512208,6,6,0,1,1,6
1512208,11,1,2,2,2,7
1512208,7,5,0,1,1,8
1512208,12,0,2,2,2,9
1512208,10,2,0,2,1,10
1512208,12,0,2,2,2,11
1512208,7,5,0,1,1,12
1512208,11,1,0,1,1,13
1512208,6,6,0,1,1,14
1512208,12,0,2,2,2,15
1512208,6,6,0,1,1,16
1512208,11,1,0,2,1,17
1512208,12,0,2,1,2,18
1512208,10,2,2,1,2,19
1512208,7,5,0,1,1,20
1512208,12,0,2,1,2,21
1512208,6,6,0,2,1,22
1512208,7,5,0,2,1,23
1512208,12,0,2,1,2,24
1512208,7,5,0,2,1,25
1512208,6,6,0,1,1,27
1512208,10,2,0,1,1,28
1512208,7,5,0,2,1,29
1512208,6,6,0,1,1,30
1512208,10,2,0,1,1,31
1512208,11,1,0,2,1,32
1512208,11,1,2,1,2,33
1512208,12,0,2,2,2,34
1512208,12,0,2,1,2,35
1512208,10,2,0,2,1,36
1512208,7,5,0,1,1,37
1512208,6,6,0,2,1,38
1512208,7,5,0,1,1,39
1512208,6,6,0,2,1,40
1512208,7,5,0,1,1,42
1512208,11,1,2,2,2,43
1512208,11,1,0,1,1,44
1512208,12,0,2,2,2,45
1512208,6,6,0,1,1,46
1512208,7,5,0,1,1,47
1512208,11,1,2,1,2,48
1512208,12,0,2,1,2,49
1512208,6,6,0,1,1,50
1512208,10,2,0,2,1,51
1512208,11,1,0,2,1,52
1512208,12,0,2,2,2,53
1512208,7,5,0,2,1,54
1512208,10,2,0,1,1,55
1512208,6,6,0,2,1,56
1512208,7,5,0,1,1,57
1512208,11,1,0,1,1,59
1512208,12,0,2,2,2,60
1512208,6,6,0,2,1,61
1512208,10,2,0,2,1,62
1512208,6,6,0,1,1,63
1512208,6,6,0,1,1,64
1512208,7,5,0,2,1,65
1512208,12,0,2,1,2,66
1512208,7,5,0,1,1,67
1512208,12,0,2,2,2,68
1512208,7,5,0,2,1,69
1512208,7,5,0,1,1,70
1512208,10,2,0,1,1,71
1512208,6,6,0,2,1,72
1512208,10,2,0,1,1,73
1512208,12,0,2,1,2,74
1512208,7,5,0,2,1,75
1512208,6,6,0,2,1,76
1512208,10,2,0,2,1,77
1512208,11,1,2,2,2,78
1512208,6,6,0,1,1,79
1512208,7,5,0,2,1,80
1512209,11,1,2,1,2,1
1512209,11,1,4,1,3,2
1512209,10,2,0,2,1,3
1512209,7,5,2,2,2,4
1512209,11,1,0,2,1,5
1512209,6,6,0,1,1,6
1512209,12,0,2,2,2,7
1512209,7,5,0,1,1,8
1512209,6,6,0,2,1,9
1512209,7,5,0,1,1,10
1512209,6,6,0,1,1,11
1512209,10,2,6,2,4,12
1512209,7,5,4,2,3,13
1512209,6,6,0,2,1,14
1512209,12,0,4,1,3,15
1512209,10,2,2,1,2,16
1512209,12,0,4,2,3,17
1512209,7,5,0,2,1,18
1512209,6,6,0,1,1,19
1512209,12,0,2,2,2,20
1512209,11,1,4,2,3,21
1512209,7,5,0,1,1,22
1512209,6,6,0,1,1,23
1512209,12,0,2,1,2,24
1512209,7,5,0,2,1,25
1512209,12,0,4,1,3,26
1512209,10,2,4,1,3,27
1512209,11,1,4,2,3,28
1512209,6,6,0,2,1,30
1512209,7,5,0,2,1,31
1512209,10,2,4,1,3,32
1512209,7,5,0,1,1,33
1512209,7,5,0,1,1,34
1512209,12,0,6,2,4,35
1512209,11,1,2,1,2,36
1512209,6,6,0,2,1,37
1512209,10,2,4,2,3,38
1512209,6,6,0,2,1,39
1512209,12,0,2,1,2,40
1512209,7,5,0,1,1,41
1512209,6,6,0,2,1,42
1512209,6,6,0,1,1,43
1512209,7,5,0,2,1,44
1512209,11,1,2,2,2,45
1512209,11,1,2,1,2,46
1512209,11,1,2,1,2,47
1512209,6,6,0,2,1,48
1512209,7,5,0,1,1,49
1512209,12,0,4,2,3,50
1512209,10,2,4,2,3,51
1512209,12,0,4,1,3,52
1512209,10,2,2,1,2,53
1512209,11,1,4,2,3,54
1512209,12,0,6,1,4,55
1512209,11,1,4,1,3,56
1512209,12,0,6,2,4,57
1512209,6,6,0,2,1,58
1512209,7,5,0,2,1,59
1512209,12,0,6,2,4,60
1512209,12,0,2,1,2,61
1512209,7,5,0,2,1,62
1512209,6,6,0,2,1,63
1512209,10,2,2,1,2,64
1512209,7,5,0,2,1,65
1512209,10,2,2,2,2,66
1512209,6,6,0,1,1,67
1512209,12,0,2,2,2,68
1512209,7,5,0,1,1,69
1512209,10,2,4,2,3,70
1512209,6,6,0,1,1,71
1512209,6,6,0,2,1,72
1512209,6,6,0,1,1,73
1512209,10,2,2,1,2,74
1512209,12,0,6,1,4,75
1512209,11,1,2,2,2,76
1512209,7,5,0,2,1,77
1512209,7,5,0,1,1,78
1512209,7,5,0,1,1,79
1512209,6,6,0,1,1,80
1512210,10,2,0,2,1,1
1512210,11,1,2,1,2,2
1512210,11,1,0,2,1,3
1512210,12,0,0,2,1,4
1512210,11,1,0,1,1,5
1512210,6,6,0,1,1,6
1512210,7,5,0,2,1,7
1512210,6,6,0,2,1,8
1512210,10,2,2,2,2,9
1512210,7,5,0,2,1,10
1512210,6,6,0,2,1,11
1512210,12,0,6,1,4,12
1512210,7,5,0,1,1,13
1512210,10,2,0,1,1,14
1512210,7,5,0,1,1,15
1512210,7,5,0,2,1,16
1512210,12,0,0,1,1,17
1512210,12,0,0,2,1,18
1512210,12,0,0,1,1,19
1512210,7,5,0,2,1,20
1512210,6,6,0,2,1,21
1512210,12,0,6,2,4,22
1512210,11,1,0,2,1,23
1512210,11,1,0,2,1,24
1512210,7,5,0,2,1,25
1512210,6,6,0,2,1,26
1512210,6,6,0,1,1,27
1512210,10,2,2,1,2,28
1512210,6,6,0,2,1,29
1512210,6,6,0,1,1,30
1512210,7,5,0,1,1,31
1512210,12,0,6,2,4,32
1512210,6,6,0,1,1,33
1512210,10,2,0,1,1,34
1512210,6,6,0,1,1,35
1512210,11,1,4,1,3,36
1512210,12,0,6,1,4,37
1512210,10,2,0,2,1,38
1512210,7,5,0,1,1,39
1512210,7,5,0,1,1,40
1512210,7,5,0,1,1,41
1512210,11,1,4,1,3,42
1512210,6,6,0,2,1,43
1512210,11,1,2,2,2,44
1512210,12,0,6,2,4,45
1512210,11,1,0,1,1,46
1512210,10,2,2,2,2,47
1512210,12,0,0,1,1,48
1512210,6,6,0,1,1,49
1512210,11,1,4,2,3,50
1512210,7,5,0,1,1,51
1512210,12,0,6,2,4,52
1512210,7,5,0,2,1,53
1512210,6,6,0,2,1,54
1512210,10,2,4,1,3,55
1512210,12,0,6,1,4,56
1512210,11,1,4,1,3,57
1512210,6,6,0,1,1,58
1512210,12,0,4,2,3,59
1512210,12,0,0,1,1,60
1512210,6,6,0,2,1,61
1512210,7,5,0,1,1,62
1512210,10,2,0,2,1,63
1512210,7,5,0,2,1,64
1512210,6,6,0,1,1,65
1512210,6,6,0,1,1,66
1512210,12,0,6,2,4,67
1512210,7,5,0,2,1,68
1512210,10,2,4,1,3,69
1512210,10,2,0,2,1,70
1512210,6,6,0,2,1,71
1512210,7,5,0,1,1,72
1512210,7,5,0,1,1,73
1512210,7,5,6,2,4,74
1512210,6,6,0,2,1,75
1512210,10,2,2,1,2,76
1512210,7,5,0,2,1,77
1512210,12,0,0,1,1,78
1512210,11,1,6,2,4,79
1512210,6,6,0,1,1,80
1512211,6,6,0,2,1,1
1512211,11,1,4,2,3,2
1512211,7,5,0,2,1,3
1512211,7,5,0,1,1,4
1512211,12,0,4,2,3,5
1512211,6,6,0,2,1,6
1512211,11,1,4,1,3,7
1512211,6,6,0,1,1,8
1512211,10,2,2,2,2,9
1512211,11,1,4,1,3,10
1512211,11,1,4,2,3,11
1512211,12,0,6,1,4,12
1512211,12,0,6,2,4,13
1512211,10,2,4,1,3,14
1512211,12,0,6,2,4,15
1512211,6,6,0,2,1,16
1512211,7,5,0,1,1,17
1512211,7,5,0,2,1,18
1512211,6,6,0,1,1,19
1512211,12,0,4,1,3,20
1512211,7,5,0,1,1,21
1512211,11,1,4,1,3,22
1512211,7,5,0,2,1,23
1512211,12,0,6,1,4,24
1512211,10,2,4,2,3,25
1512211,6,6,0,2,1,26
1512211,12,0,6,2,4,27
1512211,10,2,4,2,3,28
1512211,6,6,0,1,1,29
1512211,11,1,4,2,3,30
1512211,7,5,0,2,1,31
1512211,6,6,0,2,1,32
1512211,10,2,4,1,3,33
1512211,7,5,0,2,1,34
1512211,10,2,4,1,3,35
1512211,6,6,0,1,1,36
1512211,12,0,4,1,3,37
1512211,7,5,0,1,1,38
1512211,7,5,0,1,1,39
1512211,6,6,0,1,1,40
1512211,6,6,0,1,1,41
1512211,10,2,4,2,3,42
1512211,11,1,6,1,4,43
1512211,7,5,0,1,1,44
1512211,7,5,0,2,1,45
1512211,11,1,4,1,3,46
1512211,11,1,6,2,4,47
1512211,6,6,0,2,1,48
1512211,7,5,0,2,1,49
1512211,12,0,4,2,3,50
1512211,7,5,0,1,1,51
1512211,6,6,0,2,1,52
1512211,6,6,0,1,1,53
1512211,10,2,4,2,3,54
1512211,7,5,0,2,1,55
1512211,12,0,6,1,4,56
1512211,12,0,4,2,3,57
1512211,10,2,4,1,3,58
1512211,12,0,4,1,3,59
1512211,6,6,0,1,1,60
1512211,7,5,0,2,1,61
1512211,12,0,6,1,4,62
1512211,12,0,4,2,3,63
1512211,6,6,0,2,1,64
1512211,7,5,0,1,1,65
1512211,11,1,4,2,3,66
1512211,10,2,4,1,3,67
1512211,6,6,0,1,1,68
1512211,11,1,4,2,3,69
1512211,6,6,0,1,1,70
1512211,10,2,4,1,3,71
1512211,12,0,6,2,4,72
1512211,10,2,0,2,1,73
1512211,7,5,0,1,1,74
1512211,7,5,0,2,1,75
1512211,6,6,0,2,1,76
1512211,11,1,4,1,3,77
1512211,6,6,0,2,1,78
1512211,7,5,0,1,1,79
1512211,12,0,6,1,4,80
1512212,11,1,2,2,2,1
1512212,6,6,0,2,1,2
1512212,7,5,0,2,1,3
1512212,11,1,2,1,2,4
1512212,6,6,0,2,1,5
1512212,7,5,0,1,1,6
1512212,12,0,2,2,2,7
1512212,6,6,0,1,1,8
1512212,10,2,2,2,2,9
1512212,11,1,2,2,2,10
1512212,12,0,4,2,3,11
1512212,7,5,0,1,1,12
1512212,11,1,2,1,2,13
1512212,6,6,0,1,1,14
1512212,12,0,2,2,2,15
1512212,7,5,0,1,1,16
1512212,10,2,2,2,2,17
1512212,12,0,4,1,3,18
1512212,10,2,2,1,2,19
1512212,6,6,0,1,1,20
1512212,12,0,2,1,2,21
1512212,6,6,0,2,1,22
1512212,7,5,0,2,1,23
1512212,11,1,2,1,2,24
1512212,7,5,0,2,1,25
1512212,6,6,0,2,1,26
1512212,6,6,0,1,1,27
1512212,12,0,2,1,2,28
1512212,7,5,0,2,1,29
1512212,7,5,0,1,1,30
1512212,10,2,2,1,2,31
1512212,12,0,4,2,3,32
1512212,10,2,2,1,2,33
1512212,10,2,2,2,2,34
1512212,12,0,2,1,2,35
1512212,11,1,2,2,2,36
1512212,7,5,0,1,1,37
1512212,6,6,0,2,1,38
1512212,6,6,0,1,1,39
1512212,7,5,0,2,1,40
1512212,7,5,0,2,1,41
1512212,6,6,0,1,1,42
1512212,10,2,2,2,2,43
1512212,11,1,2,1,2,44
1512212,11,1,2,2,2,45
1512212,7,5,0,1,1,46
1512212,7,5,0,1,1,47
1512212,11,1,2,1,2,48
1512212,12,0,2,1,2,49
1512212,6,6,0,1,1,50
1512212,12,0,2,2,2,51
1512212,10,2,0,2,1,52
1512212,12,0,2,2,2,53
1512212,6,6,0,2,1,54
1512212,10,2,0,1,1,55
1512212,7,5,0,2,1,56
1512212,6,6,0,1,1,57
1512212,12,0,2,1,2,58
1512212,12,0,2,1,2,59
1512212,12,0,2,2,2,60
1512212,6,6,0,2,1,61
1512212,11,1,2,2,2,62
1512212,7,5,0,1,1,63
1512212,6,6,0,1,1,64
1512212,7,5,0,2,1,65
1512212,10,2,2,1,2,66
1512212,6,6,0,1,1,67
1512212,11,1,2,2,2,68
1512212,7,5,0,2,1,69
1512212,7,5,0,1,1,70
1512212,10,2,2,1,2,71
1512212,6,6,0,2,1,72
1512212,11,1,2,1,2,73
1512212,12,0,4,1,3,74
1512212,7,5,0,2,1,75
1512212,6,6,0,2,1,76
1512212,12,0,2,2,2,77
1512212,10,2,0,2,1,78
1512212,7,5,0,1,1,79
1512212,6,6,0,2,1,80
1512213,11,1,2,1,2,1
1512213,11,1,2,1,2,2
1512213,11,1,2,2,2,3
1512213,6,6,0,2,1,4
1512213,12,0,4,2,3,5
1512213,7,5,0,1,1,6
1512213,10,2,2,2,2,7
1512213,6,6,0,1,1,8
1512213,7,5,0,2,1,9
1512213,7,5,0,1,1,10
1512213,6,6,0,1,1,11
1512213,11,1,2,2,2,12
1512213,6,6,0,2,1,13
1512213,6,6,0,2,1,14
1512213,12,0,4,1,3,15
1512213,10,2,2,1,2,16
1512213,12,0,4,2,3,17
1512213,7,5,0,2,1,18
1512213,7,5,0,1,1,19
1512213,12,0,4,2,3,20
1512213,10,2,2,2,2,21
1512213,6,6,0,1,1,22
1512213,6,6,0,1,1,23
1512213,12,0,4,1,3,24
1512213,7,5,0,2,1,25
1512213,11,1,4,1,3,26
1512213,12,0,4,1,3,27
1512213,12,0,4,2,3,28
1512213,7,5,0,1,1,29
1512213,6,6,0,2,1,30
1512213,7,5,0,2,1,31
1512213,10,2,2,1,2,32
1512213,7,5,0,1,1,33
1512213,6,6,0,1,1,34
1512213,10,2,2,2,2,35
1512213,10,2,4,1,3,36
1512213,6,6,0,2,1,37
1512213,11,1,4,2,3,38
1512213,7,5,0,2,1,39
1512213,12,0,4,1,3,40
1512213,7,5,0,2,1,42
1512213,7,5,0,1,1,43
1512213,6,6,0,2,1,44
1512213,10,2,4,2,3,45
1512213,11,1,4,1,3,46
1512213,11,1,4,1,3,47
1512213,7,5,0,2,1,48
1512213,7,5,0,1,1,49
1512213,11,1,4,2,3,50
1512213,12,0,6,2,4,51
1512213,12,0,6,1,4,52
1512213,10,2,4,1,3,53
1512213,10,2,4,2,3,54
1512213,12,0,6,1,4,55
1512213,12,0,6,1,4,56
1512213,12,0,6,2,4,57
1512213,6,6,0,2,1,58
1512213,7,5,0,2,1,59
1512213,12,0,6,2,4,60
1512213,10,2,4,1,3,61
1512213,7,5,0,2,1,62
1512213,6,6,0,2,1,63
1512213,10,2,4,1,3,64
1512213,7,5,0,2,1,65
1512213,11,1,4,2,3,66
1512213,6,6,0,1,1,67
1512213,11,1,4,2,3,68
1512213,6,6,0,1,1,69
1512213,12,0,6,2,4,70
1512213,7,5,0,1,1,71
1512213,6,6,0,2,1,72
1512213,6,6,0,1,1,73
1512213,11,1,4,1,3,74
1512213,12,0,6,1,4,75
1512213,10,2,4,2,3,76
1512213,6,6,0,2,1,77
1512213,6,6,0,1,1,78
1512213,7,5,0,1,1,79
1512213,7,5,0,1,1,80
1512215,7,5,2,2,2,1
1512215,10,2,4,2,3,2
1512215,6,6,0,2,1,3
1512215,6,6,0,1,1,4
1512215,11,1,6,2,4,5
1512215,7,5,0,2,1,6
1512215,11,1,6,1,4,7
1512215,7,5,2,1,2,8
1512215,12,0,6,2,4,9
1512215,11,1,6,1,4,10
1512215,10,2,4,2,3,11
1512215,12,0,6,1,4,12
1512215,12,0,6,2,4,13
1512215,10,2,4,1,3,14
1512215,12,0,6,2,4,15
1512215,6,6,0,2,1,16
1512215,7,5,2,1,2,17
1512215,7,5,2,2,2,18
1512215,6,6,0,1,1,19
1512215,12,0,6,1,4,20
1512215,6,6,0,1,1,21
1512215,12,0,6,1,4,22
1512215,7,5,2,2,2,23
1512215,10,2,4,1,3,24
1512215,11,1,6,2,4,25
1512215,6,6,0,2,1,26
1512215,11,1,6,2,4,27
1512215,12,0,6,2,4,28
1512215,7,5,2,1,2,29
1512215,10,2,4,2,3,30
1512215,7,5,2,2,2,31
1512215,6,6,0,2,1,32
1512215,10,2,4,1,3,33
1512215,6,6,0,2,1,34
1512215,11,1,6,1,4,35
1512215,6,6,0,1,1,36
1512215,12,0,6,1,4,37
1512215,6,6,0,1,1,38
1512215,7,5,2,1,2,39
1512215,7,5,2,1,2,40
1512215,7,5,2,1,2,41
1512215,11,1,6,2,4,42
1512215,11,1,6,1,4,43
1512215,6,6,0,1,1,44
1512215,6,6,0,2,1,45
1512215,11,1,6,1,4,46
1512215,12,0,6,2,4,47
1512215,7,5,2,2,2,48
1512215,6,6,0,2,1,49
1512215,10,2,4,2,3,50
1512215,7,5,2,1,2,51
1512215,6,6,0,2,1,52
1512215,6,6,0,1,1,53
1512215,11,1,6,2,4,54
1512215,7,5,2,2,2,55
1512215,12,0,6,1,4,56
1512215,10,2,4,1,3,58
1512215,12,0,6,1,4,59
1512215,7,5,2,1,2,60
1512215,7,5,2,2,2,61
1512215,11,1,6,1,4,62
1512215,12,0,6,2,4,63
1512215,6,6,0,2,1,64
1512215,6,6,0,1,1,65
1512215,10,2,4,2,3,66
1512215,6,6,0,1,1,68
1512215,12,0,6,2,4,69
1512215,7,5,2,1,2,70
1512215,10,2,4,1,3,71
1512215,10,2,4,2,3,72
1512215,11,1,6,2,4,73
1512215,7,5,2,1,2,74
1512215,7,5,2,2,2,75
1512215,6,6,0,2,1,76
1512215,10,2,4,1,3,77
1512215,7,5,2,2,2,78
1512215,6,6,0,1,1,79
1512215,12,0,6,1,4,80
1512216,10,2,2,2,2,1
1512216,7,5,0,2,1,2
1512216,6,6,0,2,1,3
1512216,11,1,2,1,2,4
1512216,7,5,0,2,1,5
1512216,6,6,0,1,1,6
1512216,11,1,2,2,2,7
1512216,7,5,0,1,1,8
1512216,12,0,4,2,3,9
1512216,10,2,2,2,2,10
1512216,12,0,6,2,4,11
1512216,7,5,0,1,1,12
1512216,11,1,0,1,1,13
1512216,6,6,0,1,1,14
1512216,12,0,4,2,3,15
1512216,6,6,0,1,1,16
1512216,11,1,2,2,2,17
1512216,12,0,2,1,2,18
1512216,10,2,2,1,2,19
1512216,7,5,0,1,1,20
1512216,12,0,2,1,2,21
1512216,6,6,0,2,1,22
1512216,7,5,0,2,1,23
1512216,12,0,2,1,2,24
1512216,7,5,0,2,1,25
1512216,6,6,0,2,1,26
1512216,6,6,0,1,1,27
1512216,10,2,0,1,1,28
1512216,7,5,0,2,1,29
1512216,6,6,0,1,1,30
1512216,10,2,2,1,2,31
1512216,11,1,6,2,4,32
1512216,11,1,0,1,1,33
1512216,12,0,6,2,4,34
1512216,12,0,0,1,1,35
1512216,10,2,6,2,4,36
1512216,7,5,0,1,1,37
1512216,6,6,0,2,1,38
1512216,7,5,0,1,1,39
1512216,6,6,0,2,1,40
1512216,6,6,0,2,1,41
1512216,7,5,0,1,1,42
1512216,11,1,6,2,4,43
1512216,11,1,0,1,1,44
1512216,12,0,6,2,4,45
1512216,6,6,0,1,1,46
1512216,7,5,0,1,1,47
1512216,11,1,0,1,1,48
1512216,12,0,2,1,2,49
1512216,6,6,0,1,1,50
1512216,10,2,4,2,3,51
1512216,11,1,2,2,2,52
1512216,12,0,6,2,4,53
1512216,7,5,0,2,1,54
1512216,10,2,0,1,1,55
1512216,6,6,0,2,1,56
1512216,7,5,0,1,1,57
1512216,12,0,0,1,1,58
1512216,11,1,0,1,1,59
1512216,12,0,6,2,4,60
1512216,6,6,0,2,1,61
1512216,10,2,4,2,3,62
1512216,6,6,0,1,1,63
1512216,6,6,0,1,1,64
1512216,7,5,0,2,1,65
1512216,12,0,0,1,1,66
1512216,7,5,0,1,1,67
1512216,12,0,6,2,4,68
1512216,7,5,0,2,1,69
1512216,7,5,0,1,1,70
1512216,10,2,6,1,4,71
1512216,6,6,0,2,1,72
1512216,10,2,0,1,1,73
1512216,12,0,0,1,1,74
1512216,7,5,0,2,1,75
1512216,6,6,0,2,1,76
1512216,10,2,0,2,1,77
1512216,11,1,0,2,1,78
1512216,6,6,0,1,1,79
1512216,7,5,0,2,1,80
